Gesture,Landmark,X,Y,Z
1,0,0.7197895050048828,0.8716644048690796,-2.7343003239366226e-07
1,1,0.678939700126648,0.8258925676345825,-0.014572029002010822
1,2,0.6582636833190918,0.7560709714889526,-0.026452580466866493
1,3,0.6753646731376648,0.7012560367584229,-0.04115167260169983
1,4,0.7041861414909363,0.6697529554367065,-0.05589057877659798
1,5,0.6870578527450562,0.6709094643592834,-0.015365781262516975
1,6,0.680311918258667,0.5784881114959717,-0.037521202117204666
1,7,0.6786278486251831,0.520679771900177,-0.0509759746491909
1,8,0.6765902042388916,0.47483935952186584,-0.060297753661870956
1,9,0.7228874564170837,0.6788618564605713,-0.021985536441206932
1,10,0.7078733444213867,0.6583505272865295,-0.06304927915334702
1,11,0.6956228017807007,0.7188241481781006,-0.07268481701612473
1,12,0.6884627342224121,0.769115149974823,-0.06917718797922134
1,13,0.755509078502655,0.696562647819519,-0.030959542840719223
1,14,0.7367396354675293,0.68804931640625,-0.06769808381795883
1,15,0.7202110290527344,0.7477750182151794,-0.060506030917167664
1,16,0.711207389831543,0.7918898463249207,-0.04555249959230423
1,17,0.7860526442527771,0.7228424549102783,-0.041568003594875336
1,18,0.7667798399925232,0.7089369893074036,-0.06303742527961731
1,19,0.7474297285079956,0.7506871223449707,-0.0548916794359684
1,20,0.7379320859909058,0.7839898467063904,-0.04246305301785469
1,0,0.6781423091888428,0.8548447489738464,-2.583599609806697e-07
1,1,0.6352497935295105,0.8149421215057373,-0.014992852695286274
1,2,0.6071252226829529,0.7517803311347961,-0.029281793162226677
1,3,0.6148474812507629,0.697038471698761,-0.04667966812849045
1,4,0.6429614424705505,0.6662033200263977,-0.06475744396448135
1,5,0.6365904211997986,0.6491210460662842,-0.019785039126873016
1,6,0.6270521283149719,0.5540653467178345,-0.04435116797685623
1,7,0.6255121231079102,0.49335578083992004,-0.060354266315698624
1,8,0.6247129440307617,0.4449896216392517,-0.07142651826143265
1,9,0.6739310622215271,0.6534022092819214,-0.02691739611327648
1,10,0.6487083435058594,0.6404996514320374,-0.06886663287878036
1,11,0.6367518901824951,0.702385663986206,-0.07951311767101288
1,12,0.6332387924194336,0.7536440491676331,-0.07686176151037216
1,13,0.7069618701934814,0.6694466471672058,-0.03618084266781807
1,14,0.6769380569458008,0.6722655296325684,-0.07308698445558548
1,15,0.6655101180076599,0.73097163438797,-0.06591299176216125
1,16,0.6621080636978149,0.7767113447189331,-0.05094791203737259
1,17,0.7377973198890686,0.6949999332427979,-0.04721657186746597
1,18,0.7083021402359009,0.6886460185050964,-0.06859305500984192
1,19,0.6941166520118713,0.7308335900306702,-0.05991314351558685
1,20,0.6908859610557556,0.7660163640975952,-0.04676908999681473
1,0,0.6590275764465332,0.8946461081504822,-2.977654958158382e-07
1,1,0.6142551898956299,0.8542440533638,-0.018811337649822235
1,2,0.582952082157135,0.7904056906700134,-0.03436585143208504
1,3,0.5889124870300293,0.7321519255638123,-0.052033208310604095
1,4,0.6178430914878845,0.6985824704170227,-0.06950125098228455
1,5,0.6185171604156494,0.6750990152359009,-0.01996495947241783
1,6,0.6068853139877319,0.5865565538406372,-0.04341595992445946
1,7,0.6022641062736511,0.5303491353988647,-0.05829817056655884
1,8,0.5982012748718262,0.4844341278076172,-0.0686720758676529
1,9,0.6572105884552002,0.6762641668319702,-0.02511434629559517
1,10,0.6274256110191345,0.6726242303848267,-0.06739814579486847
1,11,0.6140735149383545,0.7394084334373474,-0.07841850072145462
1,12,0.6087524890899658,0.7928016781806946,-0.0749853104352951
1,13,0.6900611519813538,0.6928629875183105,-0.03263070061802864
1,14,0.6533706784248352,0.7109729647636414,-0.07084182649850845
1,15,0.6387864947319031,0.7758328914642334,-0.064780093729496
1,16,0.6331760287284851,0.8228195309638977,-0.04942702129483223
1,17,0.7177355289459229,0.7220508456230164,-0.04221978783607483
1,18,0.6829540729522705,0.735124945640564,-0.06433224678039551
1,19,0.6699170470237732,0.7804176807403564,-0.05706291273236275
1,20,0.668655514717102,0.8138124346733093,-0.04410210996866226
1,0,0.6556646227836609,0.8870052099227905,-2.9778712473671476e-07
1,1,0.6126495599746704,0.8486036658287048,-0.01830194517970085
1,2,0.5818960070610046,0.7857410311698914,-0.03383820503950119
1,3,0.5865283012390137,0.7297328114509583,-0.05153151601552963
1,4,0.6154429316520691,0.698162853717804,-0.0691230371594429
1,5,0.6151008009910583,0.6711382865905762,-0.02072160132229328
1,6,0.6042253971099854,0.5823665857315063,-0.04483155906200409
1,7,0.5997804403305054,0.5266146063804626,-0.06016966328024864
1,8,0.596434473991394,0.4805813431739807,-0.07089021801948547
1,9,0.6541366577148438,0.6731431484222412,-0.02610308676958084
1,10,0.6250824332237244,0.6678579449653625,-0.06821003556251526
1,11,0.6129190921783447,0.7343486547470093,-0.07849279791116714
1,12,0.609531044960022,0.7861344218254089,-0.07481332868337631
1,13,0.6875751614570618,0.6899926066398621,-0.03385200724005699
1,14,0.651333749294281,0.7053326368331909,-0.07174567133188248
1,15,0.6382619738578796,0.7696187496185303,-0.06466711312532425
1,16,0.6347313523292542,0.815135657787323,-0.04887712374329567
1,17,0.7167018055915833,0.7189362645149231,-0.04365333914756775
1,18,0.681883692741394,0.7279934883117676,-0.06561011075973511
1,19,0.6679748296737671,0.7735264301300049,-0.057648416608572006
1,20,0.6665245294570923,0.8068361878395081,-0.04440268129110336
1,0,0.655042827129364,0.8868370652198792,-2.9555903324762767e-07
1,1,0.6120117902755737,0.8479494452476501,-0.01818435825407505
1,2,0.5814046859741211,0.7844058275222778,-0.03353439271450043
1,3,0.5856760144233704,0.7277907729148865,-0.05113862082362175
1,4,0.6150742769241333,0.6975579857826233,-0.06877066940069199
1,5,0.6151629090309143,0.6705848574638367,-0.01963753066956997
1,6,0.6029459834098816,0.5820586085319519,-0.04343231022357941
1,7,0.5977759957313538,0.5261548161506653,-0.05868921056389809
1,8,0.5936784744262695,0.4801791310310364,-0.06939820945262909
1,9,0.6538515090942383,0.6731598973274231,-0.025122417137026787
1,10,0.6236194968223572,0.6657603979110718,-0.0673922523856163
1,11,0.6108774542808533,0.7324768900871277,-0.07793860137462616
1,12,0.6070770621299744,0.7850742936134338,-0.07433152943849564
1,13,0.6870714426040649,0.6901693940162659,-0.03301732614636421
1,14,0.6502909064292908,0.7034193873405457,-0.0716102123260498
1,15,0.6374131441116333,0.7687039375305176,-0.06492392718791962
1,16,0.6337324976921082,0.8155181407928467,-0.04914771392941475
1,17,0.7158179879188538,0.7191902995109558,-0.04286731034517288
1,18,0.6807229518890381,0.7263470888137817,-0.06533854454755783
1,19,0.667746901512146,0.7723182439804077,-0.05750152841210365
1,20,0.6670368909835815,0.8061460852622986,-0.04427651688456535
1,0,0.6551353931427002,0.8876274824142456,-2.8338314450593316e-07
1,1,0.6118729114532471,0.8478670120239258,-0.017711538821458817
1,2,0.5810257792472839,0.7841527462005615,-0.03278479352593422
1,3,0.5854096412658691,0.7270860075950623,-0.05016624554991722
1,4,0.6151369214057922,0.6977890729904175,-0.06747845560312271
1,5,0.614328145980835,0.6714038252830505,-0.01906733401119709
1,6,0.6029977798461914,0.581830620765686,-0.04252752661705017
1,7,0.5986347198486328,0.5259355306625366,-0.05745896324515343
1,8,0.5950977802276611,0.47954061627388,-0.06801962107419968
1,9,0.6528651714324951,0.6740816831588745,-0.02464730106294155
1,10,0.6240561008453369,0.6642765402793884,-0.06629794836044312
1,11,0.6120691895484924,0.7304726243019104,-0.07651011645793915
1,12,0.608321487903595,0.7823802828788757,-0.07276441156864166
1,13,0.6861532330513,0.6907135248184204,-0.03258519619703293
1,14,0.6500951051712036,0.7035297155380249,-0.07025669515132904
1,15,0.6373564600944519,0.7685766816139221,-0.06329011172056198
1,16,0.6336681246757507,0.8148064017295837,-0.0475258007645607
1,17,0.7150484323501587,0.7195454835891724,-0.042522020637989044
1,18,0.6804312467575073,0.7269836664199829,-0.06427223235368729
1,19,0.6677185893058777,0.772677481174469,-0.05638320744037628
1,20,0.6672977209091187,0.8059587478637695,-0.04327993467450142
1,0,0.6555074453353882,0.8886138796806335,-2.8843368227171595e-07
1,1,0.6116443872451782,0.8495619297027588,-0.01819816417992115
1,2,0.5804750323295593,0.7849658727645874,-0.033393923193216324
1,3,0.5854562520980835,0.7276589870452881,-0.05088375136256218
1,4,0.6161021590232849,0.6982245445251465,-0.06823646277189255
1,5,0.6134306192398071,0.6707973480224609,-0.018745221197605133
1,6,0.6022477746009827,0.5808236002922058,-0.042194169014692307
1,7,0.597589373588562,0.5249624252319336,-0.05695762112736702
1,8,0.5940191149711609,0.47905486822128296,-0.06735172122716904
1,9,0.6524636745452881,0.6739403605461121,-0.024218617007136345
1,10,0.6236894726753235,0.664989709854126,-0.0668620616197586
1,11,0.6112159490585327,0.7327577471733093,-0.07738526910543442
1,12,0.6077509522438049,0.7859920859336853,-0.07348644733428955
1,13,0.6859309673309326,0.6907209157943726,-0.03216109052300453
1,14,0.6502541899681091,0.7024043798446655,-0.0712556391954422
1,15,0.6368507146835327,0.7689485549926758,-0.06471951305866241
1,16,0.6332293748855591,0.8163183927536011,-0.048757147043943405
1,17,0.7147785425186157,0.7193992733955383,-0.042040400207042694
1,18,0.6801224946975708,0.725928008556366,-0.06511924415826797
1,19,0.666816771030426,0.7728813290596008,-0.05766625702381134
1,20,0.6661466360092163,0.8070734739303589,-0.04452861100435257
1,0,0.6591061949729919,0.8873633146286011,-2.8099049131924403e-07
1,1,0.6167417764663696,0.8509172201156616,-0.019158033654093742
1,2,0.5854189395904541,0.7862033843994141,-0.034879349172115326
1,3,0.5916461944580078,0.7267119884490967,-0.05251437425613403
1,4,0.6240851283073425,0.6989601254463196,-0.06997418403625488
1,5,0.6195873022079468,0.6736091375350952,-0.020620396360754967
1,6,0.6079289317131042,0.5837897062301636,-0.044408295303583145
1,7,0.6034175753593445,0.5283994674682617,-0.05913359299302101
1,8,0.600381076335907,0.4824334979057312,-0.06971897929906845
1,9,0.6583610773086548,0.675881564617157,-0.025623008608818054
1,10,0.6284382343292236,0.6658750772476196,-0.06808190047740936
1,11,0.6172006130218506,0.7336902022361755,-0.07782178372144699
1,12,0.6148358583450317,0.7850157618522644,-0.07353859394788742
1,13,0.6915555000305176,0.6925730109214783,-0.033151958137750626
1,14,0.6542975306510925,0.7054882645606995,-0.07228794693946838
1,15,0.6422455906867981,0.7732123732566833,-0.06515742838382721
1,16,0.639954686164856,0.8188260793685913,-0.04898159205913544
1,17,0.7203936576843262,0.721390962600708,-0.04272819310426712
1,18,0.6838992238044739,0.7315635085105896,-0.0662633404135704
1,19,0.6725119352340698,0.778897225856781,-0.0592593215405941
1,20,0.6741241812705994,0.8102712035179138,-0.04657961055636406
1,0,0.6648470759391785,0.8846010565757751,-2.816585720211151e-07
1,1,0.6226891279220581,0.8472463488578796,-0.019152570515871048
1,2,0.5907308459281921,0.7827861309051514,-0.0345831960439682
1,3,0.596917450428009,0.7224582433700562,-0.05187026783823967
1,4,0.6297572255134583,0.6938943266868591,-0.06890062987804413
1,5,0.624536395072937,0.6724764704704285,-0.020000915974378586
1,6,0.6131645441055298,0.5827091932296753,-0.04306470602750778
1,7,0.6093854904174805,0.526764988899231,-0.057555392384529114
1,8,0.6068407893180847,0.48057854175567627,-0.06806712597608566
1,9,0.6626231074333191,0.6742846369743347,-0.024451401084661484
1,10,0.6356372237205505,0.6655621528625488,-0.06613708287477493
1,11,0.6251443028450012,0.7325695157051086,-0.07595960050821304
1,12,0.6222699880599976,0.7852423191070557,-0.07198549807071686
1,13,0.695155918598175,0.6902825832366943,-0.03139946237206459
1,14,0.662180483341217,0.7006996273994446,-0.06919648498296738
1,15,0.6489625573158264,0.7656921744346619,-0.06240906938910484
1,16,0.6446219086647034,0.8124399185180664,-0.04683753848075867
1,17,0.7230281829833984,0.7189042568206787,-0.04046640172600746
1,18,0.690032958984375,0.7279186248779297,-0.06339073926210403
1,19,0.6774487495422363,0.773368239402771,-0.05701904743909836
1,20,0.6768488883972168,0.8063810467720032,-0.044933173805475235
1,0,0.6644996404647827,0.8843588829040527,-2.840222350641852e-07
1,1,0.6220709681510925,0.8455949425697327,-0.01895087957382202
1,2,0.5903242826461792,0.7803093194961548,-0.034289319068193436
1,3,0.5968408584594727,0.7200930714607239,-0.05167181044816971
1,4,0.6301556825637817,0.6910746693611145,-0.06898679584264755
1,5,0.6241095066070557,0.669867992401123,-0.018974335864186287
1,6,0.6117945909500122,0.5819166898727417,-0.041659701615571976
1,7,0.6072588562965393,0.5264567136764526,-0.05617489293217659
1,8,0.6039719581604004,0.48064124584198,-0.06669886410236359
1,9,0.6624581813812256,0.6711890697479248,-0.023651672527194023
1,10,0.6351691484451294,0.6634408235549927,-0.06504985690116882
1,11,0.6233446002006531,0.7283438444137573,-0.07575313001871109
1,12,0.6188280582427979,0.7803430557250977,-0.0724681094288826
1,13,0.6952345967292786,0.6869478225708008,-0.030778175219893456
1,14,0.6619274020195007,0.6987537741661072,-0.06899449974298477
1,15,0.6477689743041992,0.7643528580665588,-0.06344477832317352
1,16,0.6419751644134521,0.812121570110321,-0.04850195720791817
1,17,0.7231709957122803,0.7153905630111694,-0.039897214621305466
1,18,0.6898543834686279,0.7246106266975403,-0.06303388625383377
1,19,0.6767038702964783,0.7706525325775146,-0.05699509382247925
1,20,0.6749436855316162,0.8048132658004761,-0.04505741596221924
1,0,0.6633045673370361,0.8822897672653198,-2.897880904129124e-07
1,1,0.6213222146034241,0.8432926535606384,-0.0187576524913311
1,2,0.5902180075645447,0.7782139778137207,-0.03421445190906525
1,3,0.5974142551422119,0.7194204330444336,-0.05165401101112366
1,4,0.6309155821800232,0.691277265548706,-0.06906621903181076
1,5,0.624359130859375,0.6694638133049011,-0.020299654453992844
1,6,0.6118616461753845,0.5803142786026001,-0.04362237825989723
1,7,0.607835054397583,0.5236077904701233,-0.05859554186463356
1,8,0.6054237484931946,0.47746938467025757,-0.06939522922039032
1,9,0.6628950834274292,0.6719809770584106,-0.0252344012260437
1,10,0.6368288993835449,0.665361225605011,-0.06785851716995239
1,11,0.6251237392425537,0.7325456738471985,-0.07864617556333542
1,12,0.6208282113075256,0.7861348390579224,-0.07523443549871445
1,13,0.6960864067077637,0.6888144612312317,-0.03254738077521324
1,14,0.6646106243133545,0.6988014578819275,-0.07118885219097137
1,15,0.6499338746070862,0.764271080493927,-0.06485546380281448
1,16,0.6436101794242859,0.8122439384460449,-0.0494198277592659
1,17,0.7248040437698364,0.7181206941604614,-0.04185498505830765
1,18,0.6926844120025635,0.7252518534660339,-0.06522771716117859
1,19,0.6785321235656738,0.7709909677505493,-0.058629389852285385
1,20,0.6758609414100647,0.805073618888855,-0.04629893973469734
1,0,0.6651290655136108,0.8829284906387329,-2.955140985250182e-07
1,1,0.6219977736473083,0.8428425192832947,-0.01816907525062561
1,2,0.59123694896698,0.7781395316123962,-0.03319937363266945
1,3,0.5985538959503174,0.7195324301719666,-0.05042773112654686
1,4,0.6311636567115784,0.6913717985153198,-0.0676804706454277
1,5,0.6260932683944702,0.6704474687576294,-0.018786057829856873
1,6,0.6133139133453369,0.5824344754219055,-0.04178521782159805
1,7,0.6083599328994751,0.5271909832954407,-0.056685082614421844
1,8,0.604641318321228,0.4815828800201416,-0.0674692764878273
1,9,0.6641223430633545,0.6728665232658386,-0.024021821096539497
1,10,0.6357803344726562,0.6640787124633789,-0.0656408742070198
1,11,0.6230948567390442,0.7289088368415833,-0.07639031112194061
1,12,0.6184781789779663,0.7805455327033997,-0.07330618798732758
1,13,0.6966953873634338,0.6891012787818909,-0.03166418895125389
1,14,0.6625219583511353,0.6976659893989563,-0.06981542706489563
1,15,0.648606538772583,0.7623785138130188,-0.06375233083963394
1,16,0.6432540416717529,0.8097294569015503,-0.04865121841430664
1,17,0.7246426939964294,0.7175322771072388,-0.04126758873462677
1,18,0.6903995871543884,0.7240567803382874,-0.06437314301729202
1,19,0.6767363548278809,0.7692429423332214,-0.057777512818574905
1,20,0.6746220588684082,0.803309977054596,-0.04553461819887161
1,0,0.6164776086807251,0.7876348495483398,-2.212657221889458e-07
1,1,0.5835239887237549,0.7429285049438477,-0.021529333665966988
1,2,0.5618542432785034,0.6851137280464172,-0.04209664463996887
1,3,0.5685632228851318,0.6471123695373535,-0.06448164582252502
1,4,0.5984897017478943,0.633945107460022,-0.0863632783293724
1,5,0.6338661909103394,0.5708914995193481,-0.036287713795900345
1,6,0.6632344126701355,0.47606489062309265,-0.06642298400402069
1,7,0.6866329908370972,0.42232954502105713,-0.08491402119398117
1,8,0.7075966596603394,0.38065874576568604,-0.09775575995445251
1,9,0.6766331195831299,0.5958240628242493,-0.04142562299966812
1,10,0.6367541551589966,0.5930684208869934,-0.08714941143989563
1,11,0.6051015257835388,0.6512086391448975,-0.09595353156328201
1,12,0.5937036275863647,0.6927037835121155,-0.09258338809013367
1,13,0.7038638591766357,0.6360920071601868,-0.048993565142154694
1,14,0.6512049436569214,0.6507167816162109,-0.08543672412633896
1,15,0.6214691400527954,0.6965696811676025,-0.0749364122748375
1,16,0.6093871593475342,0.7254957556724548,-0.05919099226593971
1,17,0.7224519848823547,0.6831090450286865,-0.05958716198801994
1,18,0.6780152916908264,0.6957006454467773,-0.08072786033153534
1,19,0.6498814821243286,0.7207580804824829,-0.0724465548992157
1,20,0.6363816857337952,0.7354258894920349,-0.059559646993875504
1,0,0.6122987270355225,0.7766086459159851,-1.7070571800559264e-07
1,1,0.5793333649635315,0.7361648082733154,-0.024346299469470978
1,2,0.5552535653114319,0.6777865886688232,-0.04597843810915947
1,3,0.5622352957725525,0.6349732875823975,-0.0684492439031601
1,4,0.5956618785858154,0.6225243806838989,-0.09023866802453995
1,5,0.6237072348594666,0.5612525939941406,-0.0383736789226532
1,6,0.6524882316589355,0.4675750136375427,-0.069078728556633
1,7,0.6752374768257141,0.41412830352783203,-0.08758214116096497
1,8,0.695539653301239,0.371146023273468,-0.10053346306085587
1,9,0.6661701798439026,0.5845522880554199,-0.04188331961631775
1,10,0.6321709752082825,0.5737407803535461,-0.08743062615394592
1,11,0.6018469929695129,0.6302917003631592,-0.09633725136518478
1,12,0.5900994539260864,0.6689068078994751,-0.09272518754005432
1,13,0.6941066384315491,0.6221938729286194,-0.04792197048664093
1,14,0.643195390701294,0.6362935304641724,-0.08464433252811432
1,15,0.6146095395088196,0.6827447414398193,-0.07432892173528671
1,16,0.6039817333221436,0.7089042067527771,-0.0582248754799366
1,17,0.7134415507316589,0.6666060090065002,-0.05708378553390503
1,18,0.6684731841087341,0.6762704253196716,-0.07819869369268417
1,19,0.642912745475769,0.7051606774330139,-0.06967103481292725
1,20,0.6328151226043701,0.7211360335350037,-0.056517358869314194
1,0,0.6135784983634949,0.7784959077835083,-1.7233730886800913e-07
1,1,0.580478310585022,0.7375191450119019,-0.02376841939985752
1,2,0.5562562346458435,0.6786163449287415,-0.0446004793047905
1,3,0.5624192953109741,0.6354635953903198,-0.06639199703931808
1,4,0.5946003198623657,0.6223391890525818,-0.0874590277671814
1,5,0.6228832006454468,0.5605323910713196,-0.03615473955869675
1,6,0.6521464586257935,0.46922093629837036,-0.06576671451330185
1,7,0.6751736998558044,0.41607487201690674,-0.08348777145147324
1,8,0.6950759291648865,0.37368595600128174,-0.09586773812770844
1,9,0.6651516556739807,0.5834583640098572,-0.03965425863862038
1,10,0.6327279210090637,0.5725328326225281,-0.08476296067237854
1,11,0.6020047068595886,0.6283081769943237,-0.09379442036151886
1,12,0.588319718837738,0.6681317090988159,-0.09010820835828781
1,13,0.6934666037559509,0.62065190076828,-0.0456664077937603
1,14,0.6436539888381958,0.6363008618354797,-0.08168983459472656
1,15,0.6142125725746155,0.6813425421714783,-0.07186608016490936
1,16,0.6014478206634521,0.7076232433319092,-0.05608947202563286
1,17,0.7129309773445129,0.6645398736000061,-0.05476471036672592
1,18,0.6688911318778992,0.6756937503814697,-0.07478099316358566
1,19,0.6433390378952026,0.703767716884613,-0.0663352832198143
1,20,0.63229900598526,0.7197720408439636,-0.053428661078214645
1,0,0.611312747001648,0.7771009802818298,-1.4212443488759163e-07
1,1,0.5782079100608826,0.7369879484176636,-0.022681554779410362
1,2,0.5550231337547302,0.6773837208747864,-0.04306532070040703
1,3,0.5641132593154907,0.6374868750572205,-0.06499461084604263
1,4,0.5973566174507141,0.6244348883628845,-0.08642834424972534
1,5,0.6258524656295776,0.560408890247345,-0.03491979464888573
1,6,0.6579198837280273,0.4692917466163635,-0.06525027751922607
1,7,0.6832631826400757,0.4167137145996094,-0.08447795361280441
1,8,0.705065906047821,0.37485501170158386,-0.09777708351612091
1,9,0.666567862033844,0.5851682424545288,-0.03925659880042076
1,10,0.6362609267234802,0.5742294192314148,-0.08497276902198792
1,11,0.6048595905303955,0.625318169593811,-0.09626910835504532
1,12,0.5908586978912354,0.661045253276825,-0.09405958652496338
1,13,0.6938255429267883,0.6232828497886658,-0.04591982066631317
1,14,0.6455370187759399,0.6377679705619812,-0.08256370574235916
1,15,0.6157582998275757,0.6831328868865967,-0.07412683963775635
1,16,0.6034345626831055,0.709403395652771,-0.05895579978823662
1,17,0.7130975723266602,0.6677632331848145,-0.055544886738061905
1,18,0.6707080006599426,0.6792939901351929,-0.07662851363420486
1,19,0.6444634795188904,0.7071551084518433,-0.06879905611276627
1,20,0.6335631608963013,0.722357451915741,-0.05582347884774208
1,0,0.6093698740005493,0.7799995541572571,-1.6639010880226124e-07
1,1,0.5766956806182861,0.7378683686256409,-0.02225331962108612
1,2,0.5546783208847046,0.6788392066955566,-0.042281463742256165
1,3,0.5643154382705688,0.6375949382781982,-0.06381842494010925
1,4,0.5965450406074524,0.6220864653587341,-0.0845128670334816
1,5,0.6255552172660828,0.5612484216690063,-0.03378850221633911
1,6,0.6568760275840759,0.47067826986312866,-0.06370418518781662
1,7,0.6822285652160645,0.4188985824584961,-0.0827096551656723
1,8,0.7038856744766235,0.37772202491760254,-0.09585724025964737
1,9,0.6653980016708374,0.5863308310508728,-0.03828562796115875
1,10,0.6380228400230408,0.5761906504631042,-0.08291414380073547
1,11,0.6081349849700928,0.6256197690963745,-0.09392204135656357
1,12,0.5941339135169983,0.6597223877906799,-0.09211011230945587
1,13,0.6924708485603333,0.6247085928916931,-0.04521165415644646
1,14,0.6468374729156494,0.6386107802391052,-0.0814770758152008
1,15,0.6173524260520935,0.6830067038536072,-0.07307396829128265
1,16,0.6051968336105347,0.7084473371505737,-0.058322250843048096
1,17,0.7120302319526672,0.6698243021965027,-0.05508943274617195
1,18,0.6711710691452026,0.678722083568573,-0.0761033222079277
1,19,0.643517017364502,0.7060369849205017,-0.06828074902296066
1,20,0.6310385465621948,0.721413254737854,-0.0555817149579525
1,0,0.6104709506034851,0.780460774898529,-1.6767479849022493e-07
1,1,0.5774511694908142,0.737238883972168,-0.02139117754995823
1,2,0.5542516112327576,0.6781525611877441,-0.04153408482670784
1,3,0.563087522983551,0.6383929252624512,-0.06357655674219131
1,4,0.595026433467865,0.6243479251861572,-0.08505624532699585
1,5,0.6258156895637512,0.5614370703697205,-0.03349170461297035
1,6,0.6572726964950562,0.47059696912765503,-0.06309905648231506
1,7,0.6823781132698059,0.41911858320236206,-0.08152693510055542
1,8,0.7040258646011353,0.3779115676879883,-0.09430234134197235
1,9,0.6653822660446167,0.5871446132659912,-0.03866292163729668
1,10,0.6361474990844727,0.5757209062576294,-0.08392277359962463
1,11,0.6055216193199158,0.6271283030509949,-0.09473635256290436
1,12,0.5912737846374512,0.6636583209037781,-0.09257775545120239
1,13,0.6924178600311279,0.6251270174980164,-0.04621165618300438
1,14,0.6447272300720215,0.6381910443305969,-0.08357274532318115
1,15,0.6149419546127319,0.6850693821907043,-0.07534734904766083
1,16,0.6023544073104858,0.7135655879974365,-0.060366250574588776
1,17,0.712139368057251,0.6696192622184753,-0.05652758479118347
1,18,0.6698024868965149,0.676409900188446,-0.07828126847743988
1,19,0.6420956254005432,0.7054120898246765,-0.07072211802005768
1,20,0.6296621561050415,0.722711443901062,-0.058141984045505524
1,0,0.6095635890960693,0.7796054482460022,-1.524374084738156e-07
1,1,0.5769392251968384,0.7377349138259888,-0.023164905607700348
1,2,0.553795576095581,0.678148090839386,-0.044153038412332535
1,3,0.5633360743522644,0.6381210088729858,-0.0665934756398201
1,4,0.596794843673706,0.6276628375053406,-0.08836057782173157
1,5,0.6253675222396851,0.5599030256271362,-0.03561849147081375
1,6,0.6568253636360168,0.469241201877594,-0.06557575613260269
1,7,0.6817083358764648,0.417924165725708,-0.08433273434638977
1,8,0.7030173540115356,0.3766743540763855,-0.09747239947319031
1,9,0.6660425066947937,0.5862061977386475,-0.04005241394042969
1,10,0.6362732648849487,0.5761416554450989,-0.08584592491388321
1,11,0.6044646501541138,0.6275890469551086,-0.09684332460165024
1,12,0.5897617340087891,0.6633766889572144,-0.09468520432710648
1,13,0.6930220723152161,0.6259220242500305,-0.04687280207872391
1,14,0.6451346278190613,0.640245258808136,-0.08437234908342361
1,15,0.6134639978408813,0.6863311529159546,-0.07594192028045654
1,16,0.5997676849365234,0.7135695219039917,-0.060705482959747314
1,17,0.7117312550544739,0.6721014976501465,-0.05663198232650757
1,18,0.6703240275382996,0.6806449890136719,-0.07863372564315796
1,19,0.642374575138092,0.7084689140319824,-0.07106253504753113
1,20,0.6298320293426514,0.7244462966918945,-0.05831362307071686
1,0,0.6081126928329468,0.7806957960128784,-1.6491638632487593e-07
1,1,0.5758535861968994,0.7374682426452637,-0.02340291067957878
1,2,0.5532214045524597,0.6782885789871216,-0.04459032043814659
1,3,0.5620602369308472,0.6373319029808044,-0.06724383682012558
1,4,0.5962116718292236,0.6266858577728271,-0.08923757821321487
1,5,0.6247638463973999,0.5609903335571289,-0.035801492631435394
1,6,0.6556485891342163,0.47047853469848633,-0.06629447638988495
1,7,0.6804957389831543,0.4188271164894104,-0.0856630951166153
1,8,0.7021209597587585,0.37769773602485657,-0.09912605583667755
1,9,0.6651462316513062,0.5871464610099792,-0.04005521908402443
1,10,0.6349941492080688,0.5783004760742188,-0.08595555275678635
1,11,0.6039422154426575,0.6305204629898071,-0.09677214920520782
1,12,0.5893068313598633,0.668062686920166,-0.09454848617315292
1,13,0.6921566724777222,0.6268351078033447,-0.046822965145111084
1,14,0.6458525061607361,0.6403675675392151,-0.08422814309597015
1,15,0.6147549152374268,0.6863803863525391,-0.0755193904042244
1,16,0.6005900502204895,0.7151089906692505,-0.060149405151605606
1,17,0.71123868227005,0.673262357711792,-0.05661449208855629
1,18,0.671942949295044,0.681863009929657,-0.07846171408891678
1,19,0.6437776684761047,0.7097611427307129,-0.07071947306394577
1,20,0.6303063631057739,0.7269843816757202,-0.05785943567752838
1,0,0.6087906956672668,0.7816386222839355,-1.7437821497878758e-07
1,1,0.5761066675186157,0.7390168905258179,-0.022900981828570366
1,2,0.5527774691581726,0.6798471212387085,-0.043779220432043076
1,3,0.5607579946517944,0.6397515535354614,-0.06623264402151108
1,4,0.5936199426651001,0.6276233196258545,-0.0880315974354744
1,5,0.623794436454773,0.5619280338287354,-0.035211775451898575
1,6,0.6553065776824951,0.47060728073120117,-0.0654127448797226
1,7,0.6802827715873718,0.4190008044242859,-0.08427480608224869
1,8,0.7019645571708679,0.37742823362350464,-0.09741876274347305
1,9,0.6642703413963318,0.5880199074745178,-0.03967105224728584
1,10,0.6326999068260193,0.5780403017997742,-0.08553630113601685
1,11,0.6013861894607544,0.6325334906578064,-0.09586359560489655
1,12,0.5876025557518005,0.6704311370849609,-0.09338129311800003
1,13,0.6914393901824951,0.6270037293434143,-0.04665544629096985
1,14,0.6439271569252014,0.6390014886856079,-0.08425043523311615
1,15,0.6125787496566772,0.6862854361534119,-0.07517977803945541
1,16,0.5986902713775635,0.7149211764335632,-0.05965154618024826
1,17,0.7105923295021057,0.6724156141281128,-0.05659133195877075
1,18,0.6694312691688538,0.679742693901062,-0.07841778546571732
1,19,0.6409065127372742,0.7082730531692505,-0.07049287110567093
1,20,0.6273149251937866,0.7254621386528015,-0.05762980505824089
1,0,0.6082412600517273,0.7811344265937805,-1.5403220743337442e-07
1,1,0.5758522748947144,0.7394813299179077,-0.023402446880936623
1,2,0.5531811714172363,0.6803305745124817,-0.04428180307149887
1,3,0.5621690154075623,0.640599250793457,-0.06664355099201202
1,4,0.5942025184631348,0.627038836479187,-0.08839346468448639
1,5,0.6240633130073547,0.5607682466506958,-0.03523509204387665
1,6,0.6563446521759033,0.4704701900482178,-0.06553385406732559
1,7,0.6814513206481934,0.4187350869178772,-0.08452186733484268
1,8,0.7029287815093994,0.3769735097885132,-0.09775418043136597
1,9,0.6645041704177856,0.5870938897132874,-0.039628446102142334
1,10,0.635938823223114,0.5753539204597473,-0.08581772446632385
1,11,0.6035869717597961,0.628075361251831,-0.09679021686315536
1,12,0.5880640745162964,0.6652696132659912,-0.09453166276216507
1,13,0.691583514213562,0.6261403560638428,-0.046538159251213074
1,14,0.6447968482971191,0.6387595534324646,-0.0844593420624733
1,15,0.6125593781471252,0.6853479743003845,-0.07609689980745316
1,16,0.5974529981613159,0.7134145498275757,-0.0609348863363266
1,17,0.7103567719459534,0.6718131899833679,-0.05639149621129036
1,18,0.6685303449630737,0.6812557578086853,-0.07863187789916992
1,19,0.6398987770080566,0.7096198201179504,-0.07115697115659714
1,20,0.6261370778083801,0.7261797189712524,-0.05853533372282982
1,0,0.6096012592315674,0.781670331954956,-1.549223895835894e-07
1,1,0.5764168500900269,0.7379115223884583,-0.022780289873480797
1,2,0.55333012342453,0.6790611743927002,-0.043534327298402786
1,3,0.5617481470108032,0.6399550437927246,-0.06589364260435104
1,4,0.594761848449707,0.628497838973999,-0.08748561888933182
1,5,0.6245174407958984,0.5603420734405518,-0.03463336452841759
1,6,0.6565393805503845,0.4698610305786133,-0.0649186372756958
1,7,0.6813627481460571,0.41863545775413513,-0.08348316699266434
1,8,0.7027385830879211,0.37744376063346863,-0.09616777300834656
1,9,0.6648184657096863,0.5865824222564697,-0.039041779935359955
1,10,0.6346614956855774,0.5749883055686951,-0.08499111235141754
1,11,0.6033780574798584,0.6271489262580872,-0.0952773466706276
1,12,0.5890153050422668,0.6644166111946106,-0.09226330369710922
1,13,0.6918956637382507,0.6256548762321472,-0.04598492383956909
1,14,0.6428350210189819,0.6401163935661316,-0.08316374570131302
1,15,0.6121407151222229,0.6865183711051941,-0.07442022114992142
1,16,0.5989733338356018,0.7146291136741638,-0.058786727488040924
1,17,0.7108137607574463,0.6713855266571045,-0.05592097342014313
1,18,0.6677798628807068,0.6812136173248291,-0.07693128287792206
1,19,0.6394261717796326,0.7090704441070557,-0.06907237321138382
1,20,0.6264097094535828,0.7253230810165405,-0.05610233172774315
1,0,0.6095856428146362,0.7819802761077881,-1.519111094694381e-07
1,1,0.5761963129043579,0.7375434041023254,-0.022475240752100945
1,2,0.5531988143920898,0.6785736680030823,-0.04301166161894798
1,3,0.5615593194961548,0.6398876309394836,-0.06525737792253494
1,4,0.5946754813194275,0.6289286017417908,-0.08682160824537277
1,5,0.6245617270469666,0.5596586465835571,-0.033969487994909286
1,6,0.6566144824028015,0.4701906442642212,-0.06405609101057053
1,7,0.6812855005264282,0.41896796226501465,-0.08280044794082642
1,8,0.7025296092033386,0.37757396697998047,-0.09569231420755386
1,9,0.6649587154388428,0.5859212279319763,-0.038519859313964844
1,10,0.6356304883956909,0.574590265750885,-0.08412576466798782
1,11,0.6040121912956238,0.6260027885437012,-0.09468289464712143
1,12,0.5890762805938721,0.6630895137786865,-0.09194532781839371
1,13,0.6919912099838257,0.6251711845397949,-0.04557367041707039
1,14,0.6431288719177246,0.6399255394935608,-0.08232854306697845
1,15,0.6123725175857544,0.6860244274139404,-0.07386448979377747
1,16,0.5989266037940979,0.7142944931983948,-0.05852149799466133
1,17,0.7107604742050171,0.6711771488189697,-0.05561249330639839
1,18,0.6679678559303284,0.6815241575241089,-0.07625674456357956
1,19,0.6395331025123596,0.7091432809829712,-0.06845364719629288
1,20,0.6262917518615723,0.7254095077514648,-0.055611371994018555
1,0,0.6107175946235657,0.7819263339042664,-1.4918688862053386e-07
1,1,0.5773078799247742,0.7401142120361328,-0.02324627712368965
1,2,0.5531445145606995,0.6801943182945251,-0.04406276345252991
1,3,0.5609456300735474,0.6404129266738892,-0.06626913696527481
1,4,0.5942560434341431,0.6298868060112,-0.08775079250335693
1,5,0.623917281627655,0.5599629282951355,-0.03530660271644592
1,6,0.6563313603401184,0.4702739119529724,-0.06574437767267227
1,7,0.6813049912452698,0.4188687801361084,-0.08503454178571701
1,8,0.7031152248382568,0.3772231936454773,-0.0985964685678482
1,9,0.6650390625,0.5859053134918213,-0.0393659770488739
1,10,0.6356990337371826,0.5755895972251892,-0.08494815230369568
1,11,0.604239284992218,0.6276627779006958,-0.09577754884958267
1,12,0.5902247428894043,0.663597822189331,-0.09362492710351944
1,13,0.6925462484359741,0.6248832941055298,-0.04590906947851181
1,14,0.6447527408599854,0.6394833326339722,-0.08248619735240936
1,15,0.6136747002601624,0.6850959658622742,-0.07385538518428802
1,16,0.6004666090011597,0.7115473747253418,-0.058857593685388565
1,17,0.7114877104759216,0.6701858639717102,-0.05552472919225693
1,18,0.6686894297599792,0.6819417476654053,-0.07665364444255829
1,19,0.6408271193504333,0.7098718881607056,-0.06925583630800247
1,20,0.6287225484848022,0.7250711917877197,-0.05688408389687538
1,0,0.6105545163154602,0.7817599773406982,-1.4819049454217748e-07
1,1,0.5776135921478271,0.7404365539550781,-0.023602493107318878
1,2,0.5534741878509521,0.6806296706199646,-0.04454299807548523
1,3,0.5610218048095703,0.6410204768180847,-0.06676820665597916
1,4,0.5942317843437195,0.6302379965782166,-0.0882495641708374
1,5,0.6241424679756165,0.5595860481262207,-0.035766907036304474
1,6,0.6564285159111023,0.47015565633773804,-0.06608156114816666
1,7,0.6813818216323853,0.4187220335006714,-0.08538899570703506
1,8,0.7030948996543884,0.3770434856414795,-0.09901988506317139
1,9,0.6654316782951355,0.585498034954071,-0.039693593978881836
1,10,0.6354672908782959,0.5762531161308289,-0.0851115956902504
1,11,0.6036725640296936,0.6278868317604065,-0.09611799567937851
1,12,0.5897814035415649,0.6630144119262695,-0.09422526508569717
1,13,0.6927953362464905,0.6249315738677979,-0.046087656170129776
1,14,0.6451473832130432,0.6396397948265076,-0.08265318721532822
1,15,0.6136565804481506,0.684401273727417,-0.07429484277963638
1,16,0.6004161834716797,0.7098286151885986,-0.059578072279691696
1,17,0.7115315794944763,0.6706017851829529,-0.05555162951350212
1,18,0.6694244146347046,0.6820199489593506,-0.0768735259771347
1,19,0.6413424015045166,0.7092758417129517,-0.06962017714977264
1,20,0.6289969682693481,0.7239559292793274,-0.05734989792108536
1,0,0.6110360622406006,0.7840458750724792,-1.5385823814995092e-07
1,1,0.5770823955535889,0.7417402267456055,-0.022861171513795853
1,2,0.5531786680221558,0.6814181804656982,-0.04322068393230438
1,3,0.5616949796676636,0.6416930556297302,-0.06501772254705429
1,4,0.5944296717643738,0.6284612417221069,-0.08606118708848953
1,5,0.6242346167564392,0.5608811378479004,-0.034968700259923935
1,6,0.657010555267334,0.4715205430984497,-0.06503725051879883
1,7,0.6824563145637512,0.4197482168674469,-0.08453328907489777
1,8,0.7041422128677368,0.377750962972641,-0.09828987717628479
1,9,0.6649719476699829,0.58668053150177,-0.03924080729484558
1,10,0.6366809010505676,0.5769568681716919,-0.08467581868171692
1,11,0.6056230664253235,0.6272971630096436,-0.0964515283703804
1,12,0.590966522693634,0.6624266505241394,-0.09512234479188919
1,13,0.6924490928649902,0.6257511973381042,-0.04583689197897911
1,14,0.6462198495864868,0.6405070424079895,-0.08243995159864426
1,15,0.6143747568130493,0.6853336095809937,-0.07463478296995163
1,16,0.5997031927108765,0.7119404673576355,-0.06027974188327789
1,17,0.7115911841392517,0.6713917255401611,-0.055432841181755066
1,18,0.6705907583236694,0.6831982135772705,-0.07709158211946487
1,19,0.6415277719497681,0.7106190919876099,-0.07011523842811584
1,20,0.6272144913673401,0.7260614037513733,-0.057951681315898895
1,0,0.6140363216400146,0.7878094911575317,-1.5953671095303434e-07
1,1,0.5798532962799072,0.745812714099884,-0.021436113864183426
1,2,0.5562540292739868,0.6865364909172058,-0.04151882231235504
1,3,0.5653342604637146,0.6457590460777283,-0.06314466148614883
1,4,0.5992796421051025,0.6318619251251221,-0.08402078598737717
1,5,0.6268066167831421,0.5669870376586914,-0.03540582209825516
1,6,0.6589406132698059,0.4755324721336365,-0.06554433703422546
1,7,0.6846832633018494,0.4232396185398102,-0.08507056534290314
1,8,0.7066094279289246,0.38097649812698364,-0.09874939918518066
1,9,0.667770266532898,0.5930668115615845,-0.04001912474632263
1,10,0.640169084072113,0.5814811587333679,-0.08343064785003662
1,11,0.609923779964447,0.6286098957061768,-0.09445735812187195
1,12,0.5962191224098206,0.6614313125610352,-0.09324096143245697
1,13,0.6948727965354919,0.6328340172767639,-0.04672091454267502
1,14,0.6490461826324463,0.6459990739822388,-0.08141593635082245
1,15,0.61724454164505,0.6858619451522827,-0.07366985827684402
1,16,0.6027016043663025,0.7090855836868286,-0.05992580205202103
1,17,0.7131830453872681,0.6785364747047424,-0.0562814399600029
1,18,0.6726016998291016,0.6882961392402649,-0.07653282582759857
1,19,0.6434634923934937,0.711235761642456,-0.06945894658565521
1,20,0.6286529898643494,0.7239353060722351,-0.05754663795232773
1,0,0.6128619909286499,0.7838417291641235,-1.8126748102531565e-07
1,1,0.580089271068573,0.7409478425979614,-0.02158099226653576
1,2,0.5579676628112793,0.679592490196228,-0.0411931648850441
1,3,0.5694386959075928,0.6411100625991821,-0.06255428493022919
1,4,0.6030055284500122,0.6316342949867249,-0.08339259028434753
1,5,0.6254820227622986,0.5659891963005066,-0.03546362370252609
1,6,0.6565868854522705,0.4722599387168884,-0.06411628425121307
1,7,0.6807616353034973,0.420026957988739,-0.08126436918973923
1,8,0.700995922088623,0.3787447512149811,-0.09345128387212753
1,9,0.6675720810890198,0.5922256708145142,-0.04011106118559837
1,10,0.6335604190826416,0.5827293395996094,-0.08484844118356705
1,11,0.6028814911842346,0.6377899050712585,-0.09389673918485641
1,12,0.5910226106643677,0.6764691472053528,-0.09079322963953018
1,13,0.6956335306167603,0.6319794654846191,-0.047043394297361374
1,14,0.6471974849700928,0.6437991261482239,-0.08336381614208221
1,15,0.6156384944915771,0.6884592175483704,-0.07441714406013489
1,16,0.6013205051422119,0.7154723405838013,-0.059548553079366684
1,17,0.7155690789222717,0.6783617734909058,-0.05679241940379143
1,18,0.6742486357688904,0.6888493299484253,-0.07809387892484665
1,19,0.6451058983802795,0.7130972743034363,-0.07102015614509583
1,20,0.6295202374458313,0.7272791862487793,-0.059135738760232925
1,0,0.6270139813423157,0.774385929107666,-2.109157861696076e-07
1,1,0.5918662548065186,0.7288594841957092,-0.0201172586530447
1,2,0.5723854899406433,0.6690821647644043,-0.03827808052301407
1,3,0.5876575708389282,0.6272347569465637,-0.058149803429841995
1,4,0.6176589727401733,0.6100401878356934,-0.07716743648052216
1,5,0.6351056694984436,0.5514898300170898,-0.030752386897802353
1,6,0.6531875729560852,0.45094847679138184,-0.05874160677194595
1,7,0.6690744757652283,0.39228305220603943,-0.07657404989004135
1,8,0.682858943939209,0.34514158964157104,-0.08880195766687393
1,9,0.6738191246986389,0.5699038505554199,-0.03563915193080902
1,10,0.6454818844795227,0.5573174357414246,-0.07838883250951767
1,11,0.6223961710929871,0.6139729619026184,-0.08783484995365143
1,12,0.6129076480865479,0.6564046740531921,-0.08469957858324051
1,13,0.7028814554214478,0.6028431057929993,-0.042820144444704056
1,14,0.6654554605484009,0.6123175621032715,-0.07583213597536087
1,15,0.6427831053733826,0.6601240634918213,-0.0660170391201973
1,16,0.633016049861908,0.692773699760437,-0.0505903959274292
1,17,0.7254782915115356,0.6449916958808899,-0.053046297281980515
1,18,0.6945387125015259,0.64893639087677,-0.07029534131288528
1,19,0.6713482141494751,0.6780235767364502,-0.060775626450777054
1,20,0.6607425212860107,0.6992682814598083,-0.047345712780952454
1,0,0.6391584277153015,0.7762740850448608,-2.1477535483427346e-07
1,1,0.5995087027549744,0.7262162566184998,-0.01905989646911621
1,2,0.5786177515983582,0.6608359217643738,-0.036653924733400345
1,3,0.5945398211479187,0.6155133843421936,-0.05652616173028946
1,4,0.6273801922798157,0.6017335057258606,-0.0759376809000969
1,5,0.6318244934082031,0.5478068590164185,-0.027763625606894493
1,6,0.6483011245727539,0.44400352239608765,-0.05434796214103699
1,7,0.6639181971549988,0.3838862180709839,-0.07179053872823715
1,8,0.6765833497047424,0.3358072340488434,-0.08394879847764969
1,9,0.6701016426086426,0.5664017200469971,-0.03338547423481941
1,10,0.6533809900283813,0.5578795671463013,-0.07595418393611908
1,11,0.6334785223007202,0.6149234175682068,-0.08632636070251465
1,12,0.6231427192687988,0.6591362953186035,-0.08433956652879715
1,13,0.700835108757019,0.5961294174194336,-0.04133373498916626
1,14,0.6790339350700378,0.5957818627357483,-0.07592953741550446
1,15,0.6580871939659119,0.642393171787262,-0.06770043075084686
1,16,0.6461437940597534,0.6785334944725037,-0.05341268703341484
1,17,0.7267365455627441,0.6333081722259521,-0.05192449688911438
1,18,0.7094895839691162,0.623842716217041,-0.07122612744569778
1,19,0.6863359212875366,0.6532764434814453,-0.06225474178791046
1,20,0.6719626784324646,0.6793823838233948,-0.04933715611696243
1,0,0.6428028345108032,0.7747942805290222,-2.159178222882474e-07
1,1,0.6036303639411926,0.7283880114555359,-0.01837337762117386
1,2,0.5805788040161133,0.6672207713127136,-0.036398231983184814
1,3,0.5906170606613159,0.6212153434753418,-0.05691956728696823
1,4,0.6211524605751038,0.6013643145561218,-0.07718849182128906
1,5,0.6359160542488098,0.5457584857940674,-0.0291916374117136
1,6,0.6496090888977051,0.44444364309310913,-0.05625335872173309
1,7,0.6646001935005188,0.3841727375984192,-0.07453745603561401
1,8,0.6774561405181885,0.3357669711112976,-0.0872194692492485
1,9,0.6741377711296082,0.5640552639961243,-0.03526171296834946
1,10,0.6531825661659241,0.5587266087532043,-0.07654216885566711
1,11,0.6326871514320374,0.6124599575996399,-0.0870276689529419
1,12,0.6241790056228638,0.6533483266830444,-0.08586359769105911
1,13,0.7038204073905945,0.5964773297309875,-0.043377041816711426
1,14,0.6785536408424377,0.6005415916442871,-0.07658471912145615
1,15,0.6552926898002625,0.6436392068862915,-0.06881754845380783
1,16,0.6428278088569641,0.6760987043380737,-0.055443909019231796
1,17,0.7279096245765686,0.6368833184242249,-0.05407525226473808
1,18,0.7095704674720764,0.6304240226745605,-0.07178081572055817
1,19,0.6852973103523254,0.656740665435791,-0.06254922598600388
1,20,0.6700389385223389,0.6804869174957275,-0.049772437661886215
1,0,0.676547646522522,0.7666711807250977,-1.567776877209326e-07
1,1,0.6309378147125244,0.7254506945610046,-0.02206306904554367
1,2,0.597923219203949,0.6629232168197632,-0.04078597202897072
1,3,0.6081610918045044,0.6065999269485474,-0.061454810202121735
1,4,0.6405965089797974,0.5806972980499268,-0.08083879947662354
1,5,0.6290180683135986,0.535473644733429,-0.02489587664604187
1,6,0.6302233338356018,0.426102876663208,-0.05236002430319786
1,7,0.6367883086204529,0.36618101596832275,-0.06874433904886246
1,8,0.6442146301269531,0.31598201394081116,-0.07977932691574097
1,9,0.6691133379936218,0.5485802292823792,-0.03009820729494095
1,10,0.6621584296226501,0.5094326734542847,-0.07438936829566956
1,11,0.650079607963562,0.5699989795684814,-0.0850040540099144
1,12,0.6418662667274475,0.6171759963035583,-0.08140984177589417
1,13,0.7051490545272827,0.5715852975845337,-0.03829047456383705
1,14,0.692862331867218,0.5595632791519165,-0.07788411527872086
1,15,0.6735080480575562,0.6179345846176147,-0.07088951766490936
1,16,0.6599218845367432,0.6567255258560181,-0.054988324642181396
1,17,0.737019419670105,0.6041794419288635,-0.04880642890930176
1,18,0.7265015840530396,0.5854203104972839,-0.07139875739812851
1,19,0.7053452730178833,0.6250050663948059,-0.06275465339422226
1,20,0.6899502873420715,0.6555284857749939,-0.04943302646279335
1,0,0.6872089505195618,0.7483465671539307,-8.116884231412769e-08
1,1,0.6404622793197632,0.713961660861969,-0.02267429418861866
1,2,0.6067765951156616,0.6585273742675781,-0.041492003947496414
1,3,0.6171910166740417,0.6065506935119629,-0.062324948608875275
1,4,0.6464428901672363,0.5756206512451172,-0.08204436302185059
1,5,0.6262967586517334,0.5226104855537415,-0.029057258740067482
1,6,0.6176484823226929,0.41301941871643066,-0.05687800422310829
1,7,0.6184311509132385,0.3504772186279297,-0.07257205247879028
1,8,0.6197621822357178,0.2966884672641754,-0.08285585045814514
1,9,0.6692334413528442,0.5317893624305725,-0.03482357785105705
1,10,0.6617650985717773,0.4942903220653534,-0.07915998995304108
1,11,0.6524654030799866,0.547066330909729,-0.09039583802223206
1,12,0.6463265419006348,0.5877083539962769,-0.0873783603310585
1,13,0.7086086273193359,0.5528194904327393,-0.04326080158352852
1,14,0.6973257064819336,0.5514516234397888,-0.08208856731653214
1,15,0.6802707314491272,0.6113240122795105,-0.07591540366411209
1,16,0.6682477593421936,0.6485307216644287,-0.06077456846833229
1,17,0.7442100048065186,0.5843436121940613,-0.054156288504600525
1,18,0.7323917746543884,0.5802425146102905,-0.07446054369211197
1,19,0.7130640149116516,0.621606171131134,-0.06528935581445694
1,20,0.6998099684715271,0.6478481292724609,-0.051829807460308075
1,0,0.6890164613723755,0.7481653690338135,-7.913975963447228e-08
1,1,0.6417254209518433,0.7129535675048828,-0.020181098952889442
1,2,0.608517050743103,0.6561745405197144,-0.037638358771800995
1,3,0.6186798214912415,0.603200376033783,-0.057699333876371384
1,4,0.6504443883895874,0.5761257410049438,-0.07726802676916122
1,5,0.6279988884925842,0.5258595943450928,-0.027660783380270004
1,6,0.6191633343696594,0.4201243221759796,-0.0544910654425621
1,7,0.6205395460128784,0.35812634229660034,-0.0696399137377739
1,8,0.6224731802940369,0.3045482635498047,-0.07980017364025116
1,9,0.6696929931640625,0.5350719690322876,-0.03389227017760277
1,10,0.6627389788627625,0.49779170751571655,-0.07276410609483719
1,11,0.6552876830101013,0.5440695881843567,-0.08223649859428406
1,12,0.6519452929496765,0.5763661861419678,-0.08044376969337463
1,13,0.708755373954773,0.5562084317207336,-0.04257810860872269
1,14,0.6987409591674805,0.5485796928405762,-0.07914229482412338
1,15,0.6825448274612427,0.6056868433952332,-0.07343672215938568
1,16,0.673060417175293,0.6411221623420715,-0.059979990124702454
1,17,0.744209885597229,0.5878006815910339,-0.053356073796749115
1,18,0.7350618839263916,0.574966549873352,-0.07309599220752716
1,19,0.7149916887283325,0.6153602600097656,-0.06436790525913239
1,20,0.7013564705848694,0.643577516078949,-0.05207783356308937
1,0,0.7025298476219177,0.7388451099395752,-1.2090542611531419e-07
1,1,0.6554892659187317,0.7102582454681396,-0.026192260906100273
1,2,0.6206643581390381,0.6546967625617981,-0.04589133709669113
1,3,0.6326836347579956,0.6003365516662598,-0.06668730080127716
1,4,0.6622712016105652,0.5650606155395508,-0.0863206759095192
1,5,0.6304977536201477,0.5193105936050415,-0.031513892114162445
1,6,0.617634117603302,0.41237127780914307,-0.06076640635728836
1,7,0.6156647205352783,0.3488449454307556,-0.07813271880149841
1,8,0.6146959662437439,0.29269206523895264,-0.08997735381126404
1,9,0.673633337020874,0.5257468819618225,-0.03621365875005722
1,10,0.6681286692619324,0.48849713802337646,-0.08273086696863174
1,11,0.6622616052627563,0.555588960647583,-0.09354662150144577
1,12,0.6597136855125427,0.6034062504768372,-0.0898609384894371
1,13,0.7136738896369934,0.543714702129364,-0.04403160884976387
1,14,0.7088583707809448,0.529975175857544,-0.08482436090707779
1,15,0.6965517401695251,0.5954666137695312,-0.07632895559072495
1,16,0.6893002390861511,0.6329479813575745,-0.05949556082487106
1,17,0.7503703236579895,0.5716845393180847,-0.054581183940172195
1,18,0.7463604807853699,0.5507936477661133,-0.0767621323466301
1,19,0.7305825352668762,0.5962329506874084,-0.06605278700590134
1,20,0.7206197381019592,0.624603271484375,-0.051403552293777466
1,0,0.7057632803916931,0.7410469651222229,-1.3566378243012878e-07
1,1,0.657473087310791,0.7094143033027649,-0.0217874925583601
1,2,0.6216011643409729,0.65184086561203,-0.039470065385103226
1,3,0.634646475315094,0.5983413457870483,-0.05913152918219566
1,4,0.6661611795425415,0.5675422549247742,-0.0779600590467453
1,5,0.6316702961921692,0.5195347666740417,-0.029166920110583305
1,6,0.618211030960083,0.4136347472667694,-0.05742783471941948
1,7,0.617120087146759,0.3503655791282654,-0.07551608979701996
1,8,0.6165065765380859,0.29435843229293823,-0.08838413655757904
1,9,0.6745431423187256,0.528211772441864,-0.035520039498806
1,10,0.670339822769165,0.4920690059661865,-0.07886362820863724
1,11,0.6636935472488403,0.5573928952217102,-0.08956237137317657
1,12,0.6609902381896973,0.6028910279273987,-0.08750509470701218
1,13,0.7144982218742371,0.5478215217590332,-0.04450017586350441
1,14,0.7099171876907349,0.5302236676216125,-0.08140316605567932
1,15,0.6974504590034485,0.5921125411987305,-0.0732155293226242
1,16,0.6915193796157837,0.6285108923912048,-0.058330316096544266
1,17,0.7508074641227722,0.5767853260040283,-0.056014224886894226
1,18,0.7475063800811768,0.5506284832954407,-0.07574126869440079
1,19,0.730025053024292,0.5938706994056702,-0.06503824144601822
1,20,0.7195709943771362,0.6229226589202881,-0.05138876289129257
1,0,0.730347752571106,0.7246015071868896,-1.6040078776313749e-07
1,1,0.6796743869781494,0.7002972364425659,-0.02722083404660225
1,2,0.6415349841117859,0.6474456191062927,-0.04728219285607338
1,3,0.6523545384407043,0.5903728008270264,-0.06810819357633591
1,4,0.6801016926765442,0.5492038726806641,-0.08745957911014557
1,5,0.636398196220398,0.5153821110725403,-0.030359700322151184
1,6,0.6153364777565002,0.4097695052623749,-0.05969616398215294
1,7,0.6072264909744263,0.3466685712337494,-0.07745447009801865
1,8,0.6003186702728271,0.2914388179779053,-0.08971193432807922
1,9,0.6814674139022827,0.5146046876907349,-0.03441812843084335
1,10,0.6747689247131348,0.47666096687316895,-0.08248021453619003
1,11,0.6771863102912903,0.5486571192741394,-0.09331103414297104
1,12,0.6791525483131409,0.6010931730270386,-0.08892731368541718
1,13,0.7238667607307434,0.5250911116600037,-0.04177194461226463
1,14,0.7169851064682007,0.5053105354309082,-0.08294534683227539
1,15,0.7132178544998169,0.5759026408195496,-0.0724070817232132
1,16,0.7105015516281128,0.6180514693260193,-0.05375927314162254
1,17,0.7643911838531494,0.5452051162719727,-0.05207202583551407
1,18,0.7576723098754883,0.5221790075302124,-0.07402518391609192
1,19,0.7474048137664795,0.570975661277771,-0.06188167631626129
1,20,0.7413417100906372,0.6018904447555542,-0.046063490211963654
1,0,0.7424377799034119,0.7178154587745667,-1.398254454443304e-07
1,1,0.6917380094528198,0.6976615190505981,-0.026967784389853477
1,2,0.6507070064544678,0.6464750170707703,-0.04722640663385391
1,3,0.6597634553909302,0.5876860022544861,-0.06824721395969391
1,4,0.6874017715454102,0.5442830920219421,-0.08785691857337952
1,5,0.6393875479698181,0.5155373215675354,-0.03225744888186455
1,6,0.610580563545227,0.41131675243377686,-0.06179807335138321
1,7,0.5986106395721436,0.3500936031341553,-0.07960065454244614
1,8,0.5878891348838806,0.2971011996269226,-0.09174927324056625
1,9,0.6839734315872192,0.5114834904670715,-0.036592748016119
1,10,0.6775088906288147,0.47327038645744324,-0.08331342786550522
1,11,0.6820934414863586,0.5413995981216431,-0.09428098052740097
1,12,0.6845082640647888,0.5891554355621338,-0.0907900407910347
1,13,0.7266806364059448,0.5193195939064026,-0.044025640934705734
1,14,0.7201836109161377,0.501606822013855,-0.08484605699777603
1,15,0.7190896272659302,0.5704513788223267,-0.07522611320018768
1,16,0.7178399562835693,0.6092437505722046,-0.05768989771604538
1,17,0.767275333404541,0.537079930305481,-0.05426732823252678
1,18,0.7612021565437317,0.5150675773620605,-0.07606738060712814
1,19,0.7541062831878662,0.5645939111709595,-0.06387502700090408
1,20,0.7502569556236267,0.5947150588035583,-0.04817657917737961
1,0,0.7411839962005615,0.7166740894317627,-1.2624421685814013e-07
1,1,0.6915264129638672,0.6972090005874634,-0.02552586980164051
1,2,0.6509270071983337,0.6467089056968689,-0.04547812044620514
1,3,0.6590462327003479,0.5898237228393555,-0.06663504242897034
1,4,0.6877750158309937,0.5487356781959534,-0.08677545934915543
1,5,0.6392574906349182,0.514747142791748,-0.032684314996004105
1,6,0.6091293096542358,0.4116758108139038,-0.062207628041505814
1,7,0.5980513095855713,0.35024338960647583,-0.07996103167533875
1,8,0.5881052613258362,0.2962692975997925,-0.09207437187433243
1,9,0.6839309334754944,0.5115635395050049,-0.0377955362200737
1,10,0.6755960583686829,0.47408053278923035,-0.08356554806232452
1,11,0.6795095205307007,0.5419712066650391,-0.09392084181308746
1,12,0.6820578575134277,0.5876092910766602,-0.09055573493242264
1,13,0.72732013463974,0.5202860236167908,-0.04580537974834442
1,14,0.7192485928535461,0.5026458501815796,-0.08577258884906769
1,15,0.7176874279975891,0.570702850818634,-0.07649613171815872
1,16,0.7165050506591797,0.6080303192138672,-0.05966586247086525
1,17,0.7688632011413574,0.538800060749054,-0.05647650361061096
1,18,0.7599467635154724,0.5156559348106384,-0.07732503861188889
1,19,0.7511335611343384,0.5656720995903015,-0.06489060819149017
1,20,0.7464819550514221,0.5963601469993591,-0.04939206689596176
1,0,0.7558596134185791,0.7069030404090881,-1.691356885658024e-07
1,1,0.7054721117019653,0.6909999847412109,-0.029549796134233475
1,2,0.6638835668563843,0.6472289562225342,-0.05126580595970154
1,3,0.6692306995391846,0.5890479683876038,-0.07285194098949432
1,4,0.6925513744354248,0.5420576930046082,-0.09261105209589005
1,5,0.6409147381782532,0.5180526375770569,-0.03590505197644234
1,6,0.6058670878410339,0.4174008071422577,-0.06762473285198212
1,7,0.5906664133071899,0.3594249486923218,-0.08833066374063492
1,8,0.5770707130432129,0.3066619634628296,-0.10285273939371109
1,9,0.6852402687072754,0.5116297602653503,-0.038741640746593475
1,10,0.6814982295036316,0.47525644302368164,-0.08651097863912582
1,11,0.6941667795181274,0.5480544567108154,-0.09801726788282394
1,12,0.6979042291641235,0.593349814414978,-0.09596188366413116
1,13,0.728879451751709,0.5150532126426697,-0.044873613864183426
1,14,0.7264792323112488,0.487822949886322,-0.08583939075469971
1,15,0.7312362790107727,0.560294508934021,-0.07437749952077866
1,16,0.7296513319015503,0.5990066528320312,-0.05673599615693092
1,17,0.7694545388221741,0.5283105969429016,-0.05414105951786041
1,18,0.7674146890640259,0.4973965287208557,-0.07678825408220291
1,19,0.7630035281181335,0.5519607067108154,-0.0636705681681633
1,20,0.7579983472824097,0.5839611291885376,-0.047829218208789825
1,0,0.7568309307098389,0.7059141993522644,-1.6703755534308584e-07
1,1,0.7079350352287292,0.6904967427253723,-0.02889697253704071
1,2,0.6660216450691223,0.6466352343559265,-0.0499088391661644
1,3,0.6711862683296204,0.5883548855781555,-0.07088541984558105
1,4,0.6942088007926941,0.5408608317375183,-0.09018313884735107
1,5,0.6426344513893127,0.5198352932929993,-0.03749878704547882
1,6,0.6048313975334167,0.4221537113189697,-0.07046978175640106
1,7,0.5882563591003418,0.36431628465652466,-0.09143718332052231
1,8,0.5735117197036743,0.31054794788360596,-0.1062023937702179
1,9,0.6870867609977722,0.5110329985618591,-0.04043099284172058
1,10,0.6809908747673035,0.47591152787208557,-0.08811870962381363
1,11,0.6925802826881409,0.5522329211235046,-0.09778750687837601
1,12,0.69757479429245,0.595457911491394,-0.09474997222423553
1,13,0.7311365008354187,0.5139905214309692,-0.04679802432656288
1,14,0.7273765206336975,0.4920075535774231,-0.08783228695392609
1,15,0.7307284474372864,0.5650044679641724,-0.0763556957244873
1,16,0.7300523519515991,0.5993549227714539,-0.059071023017168045
1,17,0.7717430591583252,0.5273630023002625,-0.05632418021559715
1,18,0.7690255641937256,0.5016978979110718,-0.0795765072107315
1,19,0.7622630000114441,0.556104838848114,-0.06790126115083694
1,20,0.7562780976295471,0.5850024819374084,-0.053291819989681244
1,0,0.7560229897499084,0.7043858766555786,-1.4868403752643644e-07
1,1,0.7076625823974609,0.6899702548980713,-0.02937234938144684
1,2,0.6659690737724304,0.6465729475021362,-0.050662342458963394
1,3,0.6709978580474854,0.588951587677002,-0.07176283001899719
1,4,0.6928368806838989,0.5410692691802979,-0.09104247391223907
1,5,0.6415696740150452,0.5200297832489014,-0.037807974964380264
1,6,0.6037691831588745,0.4215274453163147,-0.07076317816972733
1,7,0.5877244472503662,0.3631419837474823,-0.09128600358963013
1,8,0.5737175345420837,0.3090329170227051,-0.10555072128772736
1,9,0.6861547231674194,0.5113580226898193,-0.04051307961344719
1,10,0.6809782385826111,0.47621220350265503,-0.08850078284740448
1,11,0.6931523084640503,0.5518430471420288,-0.09801781177520752
1,12,0.6979765295982361,0.5930920839309692,-0.09471732378005981
1,13,0.7300442457199097,0.5136366486549377,-0.04672947898507118
1,14,0.7265987992286682,0.49211591482162476,-0.08819291740655899
1,15,0.7305790185928345,0.5648037195205688,-0.07665258646011353
1,16,0.7295941114425659,0.5969812273979187,-0.05923154577612877
1,17,0.770890474319458,0.5257148146629333,-0.05606351047754288
1,18,0.7677710652351379,0.5003159642219543,-0.07931505143642426
1,19,0.761867344379425,0.5551972389221191,-0.06727029383182526
1,20,0.7558550238609314,0.5827432870864868,-0.0523734912276268
1,0,0.7554305195808411,0.7021255493164062,-1.5842620371131488e-07
1,1,0.7076912522315979,0.69098961353302,-0.03162983059883118
1,2,0.6645937561988831,0.6480386257171631,-0.05357815697789192
1,3,0.6700488328933716,0.5899910926818848,-0.07472741603851318
1,4,0.6898693442344666,0.5416334271430969,-0.09380534291267395
1,5,0.6386643648147583,0.5210345983505249,-0.03986421972513199
1,6,0.5994623303413391,0.42362967133522034,-0.07312241941690445
1,7,0.5815833806991577,0.3674723505973816,-0.09295456856489182
1,8,0.5661851763725281,0.3144722878932953,-0.10666551440954208
1,9,0.6834213137626648,0.5115375518798828,-0.04172145947813988
1,10,0.6798999309539795,0.476247102022171,-0.09081099927425385
1,11,0.6931202411651611,0.5539034605026245,-0.0995129719376564
1,12,0.6974432468414307,0.5938838124275208,-0.09529320895671844
1,13,0.7268826365470886,0.5128278136253357,-0.047418318688869476
1,14,0.7250018119812012,0.4913903772830963,-0.09013046324253082
1,15,0.7301833033561707,0.5653678774833679,-0.07783468812704086
1,16,0.7286019325256348,0.5946318507194519,-0.059750042855739594
1,17,0.767538845539093,0.5233269333839417,-0.05640299245715141
1,18,0.7658158540725708,0.4968108534812927,-0.08059172332286835
1,19,0.761626124382019,0.5533692836761475,-0.06833528727293015
1,20,0.7555753588676453,0.5796719789505005,-0.0532693937420845
1,0,0.7547203302383423,0.7004172801971436,-1.6042665151871915e-07
1,1,0.707445502281189,0.6896238923072815,-0.030103208497166634
1,2,0.6638825535774231,0.646687388420105,-0.05178690701723099
1,3,0.6682741045951843,0.5870329141616821,-0.07315175235271454
1,4,0.689544141292572,0.5386649370193481,-0.09258279204368591
1,5,0.6383135318756104,0.5204331874847412,-0.0378241240978241
1,6,0.5987038016319275,0.4243565797805786,-0.0714859589934349
1,7,0.5814169645309448,0.36833685636520386,-0.09146951884031296
1,8,0.5667345523834229,0.3151976764202118,-0.10510073602199554
1,9,0.6827507019042969,0.5103564262390137,-0.04056348279118538
1,10,0.677550196647644,0.4753248691558838,-0.08982840180397034
1,11,0.6907046437263489,0.5532875657081604,-0.09853572398424149
1,12,0.6955885291099548,0.592006504535675,-0.09399224072694778
1,13,0.7261696457862854,0.5105746388435364,-0.04710910841822624
1,14,0.7224599719047546,0.4910186529159546,-0.08955787122249603
1,15,0.7281836271286011,0.5651402473449707,-0.07685747742652893
1,16,0.7275764346122742,0.5927618145942688,-0.05832543969154358
1,17,0.7667968273162842,0.5200636386871338,-0.056880418211221695
1,18,0.7629486918449402,0.49783098697662354,-0.07994478195905685
1,19,0.75937420129776,0.554544985294342,-0.0669926106929779
1,20,0.7546910643577576,0.5784487128257751,-0.051457665860652924
1,0,0.7534211277961731,0.6999659538269043,-1.489636076712486e-07
1,1,0.7069123983383179,0.689766526222229,-0.030946893617510796
1,2,0.6640132069587708,0.6463585495948792,-0.053033191710710526
1,3,0.668421745300293,0.5867754817008972,-0.07473530620336533
1,4,0.6900588274002075,0.5384613275527954,-0.09468097239732742
1,5,0.6384838819503784,0.5215947031974792,-0.03827843442559242
1,6,0.5996884703636169,0.425489604473114,-0.0711837187409401
1,7,0.582272469997406,0.3690553307533264,-0.09042462706565857
1,8,0.5672882795333862,0.3160504102706909,-0.10364468395709991
1,9,0.6828359365463257,0.5107921957969666,-0.04084812104701996
1,10,0.6770620942115784,0.47523871064186096,-0.09011802822351456
1,11,0.6899310946464539,0.5523495078086853,-0.09889024496078491
1,12,0.694993257522583,0.5923209190368652,-0.09422604739665985
1,13,0.7261340618133545,0.5110945105552673,-0.04717909172177315
1,14,0.7217570543289185,0.49162015318870544,-0.090439073741436
1,15,0.7276451587677002,0.5654982328414917,-0.07822518795728683
1,16,0.7272068858146667,0.5945234894752502,-0.05967181175947189
1,17,0.7668818235397339,0.5207367539405823,-0.056676242500543594
1,18,0.7621870040893555,0.4974769353866577,-0.08047235012054443
1,19,0.7589133381843567,0.5537246465682983,-0.06770053505897522
1,20,0.7543546557426453,0.5789234638214111,-0.052141282707452774
1,0,0.7592515349388123,0.7036751508712769,-1.7856308431873913e-07
1,1,0.7097399830818176,0.691245973110199,-0.028428703546524048
1,2,0.6686795949935913,0.6493833661079407,-0.04879777133464813
1,3,0.673375129699707,0.5909334421157837,-0.06877662986516953
1,4,0.6948301196098328,0.542671263217926,-0.08679872751235962
1,5,0.6418603658676147,0.5237850546836853,-0.0369856171309948
1,6,0.6029356122016907,0.4266743063926697,-0.0712818056344986
1,7,0.5870047211647034,0.36941903829574585,-0.09371808916330338
1,8,0.5735287666320801,0.31616973876953125,-0.10919490456581116
1,9,0.6858513951301575,0.514555811882019,-0.039282143115997314
1,10,0.6805796027183533,0.48002225160598755,-0.08702272921800613
1,11,0.6941334009170532,0.5585206151008606,-0.09634868055582047
1,12,0.6987701058387756,0.6008713245391846,-0.0932612195611
1,13,0.729163646697998,0.5149697065353394,-0.045213837176561356
1,14,0.7252898216247559,0.49303489923477173,-0.08558114618062973
1,15,0.7308907508850098,0.5672562718391418,-0.07318044453859329
1,16,0.7308032512664795,0.6002101302146912,-0.05559275671839714
1,17,0.7685465812683105,0.5251033902168274,-0.0543479360640049
1,18,0.7655101418495178,0.5001101493835449,-0.07705560326576233
1,19,0.7604990601539612,0.5563259720802307,-0.06484220921993256
1,20,0.7550724148750305,0.5841360092163086,-0.04998127743601799
1,0,0.7663482427597046,0.7100605368614197,-1.6159205529220344e-07
1,1,0.7162835001945496,0.7003765106201172,-0.02954328991472721
1,2,0.673557698726654,0.6594516038894653,-0.05082312226295471
1,3,0.6790202260017395,0.5998334884643555,-0.07202519476413727
1,4,0.7054183483123779,0.5538625121116638,-0.09143415838479996
1,5,0.6463561058044434,0.5331844091415405,-0.03857964649796486
1,6,0.6088708639144897,0.4340529143810272,-0.07216432690620422
1,7,0.5935608744621277,0.3765712380409241,-0.09307726472616196
1,8,0.5794453024864197,0.3231937885284424,-0.10767247527837753
1,9,0.6900011301040649,0.522187352180481,-0.04082250967621803
1,10,0.6853514313697815,0.48888200521469116,-0.08976813405752182
1,11,0.7007269859313965,0.5664772987365723,-0.09899090230464935
1,12,0.7057387828826904,0.6079690456390381,-0.09535528719425201
1,13,0.7330493927001953,0.5210052132606506,-0.046635378152132034
1,14,0.7308256030082703,0.5015254616737366,-0.0883813127875328
1,15,0.7375562787055969,0.5748535394668579,-0.07731394469738007
1,16,0.7365013360977173,0.6078869104385376,-0.06006113439798355
1,17,0.7725999355316162,0.5294218063354492,-0.05571729317307472
1,18,0.7706285715103149,0.5075504779815674,-0.07908780127763748
1,19,0.7664626836776733,0.5632795691490173,-0.06811489909887314
1,20,0.760450005531311,0.5918383002281189,-0.053936347365379333
1,0,0.7628884315490723,0.7190768718719482,-1.0778497738783699e-07
1,1,0.7090686559677124,0.7042144536972046,-0.02823633886873722
1,2,0.6702671647071838,0.663888692855835,-0.04892047122120857
1,3,0.6754708290100098,0.6052627563476562,-0.0694463700056076
1,4,0.7044164538383484,0.5602706074714661,-0.08824804425239563
1,5,0.6515967845916748,0.5398605465888977,-0.038027964532375336
1,6,0.6212761402130127,0.43694889545440674,-0.07265225797891617
1,7,0.6129618883132935,0.3749907612800598,-0.09570388495922089
1,8,0.6060603260993958,0.31880131363868713,-0.11143232882022858
1,9,0.6944949626922607,0.5309184193611145,-0.04030333831906319
1,10,0.6913099884986877,0.4928946793079376,-0.08656257390975952
1,11,0.7055641412734985,0.5684557557106018,-0.0954057052731514
1,12,0.710715651512146,0.6111241579055786,-0.09242414683103561
1,13,0.7366377115249634,0.5308769941329956,-0.046138226985931396
1,14,0.7375514507293701,0.5072554349899292,-0.08380784839391708
1,15,0.7417395114898682,0.5778792500495911,-0.07212892174720764
1,16,0.7403268218040466,0.61467045545578,-0.05541646108031273
1,17,0.7738467454910278,0.5427122712135315,-0.055507075041532516
1,18,0.7757372260093689,0.5185554027557373,-0.07559933513402939
1,19,0.7699906229972839,0.5698956251144409,-0.06403792649507523
1,20,0.7639362812042236,0.5999208092689514,-0.04990711063146591
1,0,0.7530538439750671,0.7282931804656982,-4.7840543970778526e-08
1,1,0.7040355205535889,0.7107206583023071,-0.024640342220664024
1,2,0.6645623445510864,0.6658035516738892,-0.04500240832567215
1,3,0.6722826361656189,0.6071550846099854,-0.06663796305656433
1,4,0.7019129991531372,0.5651622414588928,-0.08729412406682968
1,5,0.6513291597366333,0.5379623174667358,-0.03522083908319473
1,6,0.6231263279914856,0.43051576614379883,-0.0693884938955307
1,7,0.6174013614654541,0.36315539479255676,-0.09246677160263062
1,8,0.6124616265296936,0.30462002754211426,-0.10812820494174957
1,9,0.6950634717941284,0.5343073010444641,-0.04020680859684944
1,10,0.690544843673706,0.49838632345199585,-0.08790885657072067
1,11,0.6990565061569214,0.5698390603065491,-0.09890025854110718
1,12,0.7017173767089844,0.61105877161026,-0.09697110950946808
1,13,0.7371443510055542,0.5393751859664917,-0.0482502207159996
1,14,0.7355718612670898,0.5165714025497437,-0.08740399032831192
1,15,0.7355019450187683,0.5841619372367859,-0.0770159363746643
1,16,0.7327220439910889,0.620068371295929,-0.060789626091718674
1,17,0.7759841680526733,0.5535866022109985,-0.05929466709494591
1,18,0.7747524380683899,0.5301845669746399,-0.0804496556520462
1,19,0.766589343547821,0.5801694989204407,-0.06861160695552826
1,20,0.7590526938438416,0.6094297170639038,-0.05381344258785248
1,0,0.7535296678543091,0.7298929691314697,-1.0471216427276886e-07
1,1,0.7044715881347656,0.7123429775238037,-0.02683127485215664
1,2,0.6660946607589722,0.6649923324584961,-0.04779817909002304
1,3,0.6742889881134033,0.6055225729942322,-0.06958360970020294
1,4,0.7010622024536133,0.5607932806015015,-0.09012678265571594
1,5,0.6527315378189087,0.5389795899391174,-0.03537430986762047
1,6,0.6254507303237915,0.43271559476852417,-0.06871170550584793
1,7,0.6178443431854248,0.36803722381591797,-0.09060301631689072
1,8,0.6108693480491638,0.3097640872001648,-0.10560817271471024
1,9,0.6956207156181335,0.5327285528182983,-0.03918605297803879
1,10,0.6907892823219299,0.49684038758277893,-0.0870492160320282
1,11,0.6986180543899536,0.5675299763679504,-0.09831751137971878
1,12,0.7013055086135864,0.6116327047348022,-0.09617332369089127
1,13,0.7370429635047913,0.5365732312202454,-0.04611283168196678
1,14,0.7339506149291992,0.5147139430046082,-0.08608215302228928
1,15,0.7345707416534424,0.5834034085273743,-0.07565581798553467
1,16,0.7324041128158569,0.6216791868209839,-0.05895879119634628
1,17,0.7762073874473572,0.5496652722358704,-0.056126173585653305
1,18,0.7729669809341431,0.5281184315681458,-0.07768844068050385
1,19,0.7650221586227417,0.5792120099067688,-0.0659107193350792
1,20,0.7580476999282837,0.6101267337799072,-0.051076967269182205
1,0,0.734690248966217,0.7405210733413696,-3.1452827897737734e-08
1,1,0.6874521970748901,0.7183902263641357,-0.026314236223697662
1,2,0.6519573926925659,0.6664836406707764,-0.0464383140206337
1,3,0.6649194955825806,0.6080741882324219,-0.06767521798610687
1,4,0.6993890404701233,0.5721930861473083,-0.08782181888818741
1,5,0.6494494676589966,0.537066638469696,-0.033491235226392746
1,6,0.6330103874206543,0.4296211004257202,-0.06456924974918365
1,7,0.6343034505844116,0.36612552404403687,-0.08458387851715088
1,8,0.6352605819702148,0.3107594847679138,-0.09825536608695984
1,9,0.692622184753418,0.5386960506439209,-0.03760210797190666
1,10,0.6946835517883301,0.5022435784339905,-0.08417098224163055
1,11,0.6966664791107178,0.5679004192352295,-0.09528078883886337
1,12,0.6938390731811523,0.6062611937522888,-0.09313298016786575
1,13,0.7327815294265747,0.5493704676628113,-0.04490209370851517
1,14,0.7365819215774536,0.5334030985832214,-0.08400922268629074
1,15,0.7309818267822266,0.5965750217437744,-0.0765777975320816
1,16,0.7236971259117126,0.6272953748703003,-0.06198936328291893
1,17,0.7700260281562805,0.5683528780937195,-0.05523376539349556
1,18,0.7734519243240356,0.5506969094276428,-0.07618941366672516
1,19,0.761788547039032,0.5987537503242493,-0.06651131808757782
1,20,0.7506994605064392,0.6260601878166199,-0.05329485610127449
1,0,0.7283945083618164,0.7451751232147217,-6.849910505479784e-08
1,1,0.6810782551765442,0.7176695466041565,-0.025985099375247955
1,2,0.6463314890861511,0.66450035572052,-0.04565957188606262
1,3,0.661062479019165,0.6090783476829529,-0.06636839359998703
1,4,0.6962002515792847,0.5766754746437073,-0.08584371954202652
1,5,0.6501485705375671,0.5377764701843262,-0.03175678104162216
1,6,0.6387693881988525,0.43137726187705994,-0.06272812187671661
1,7,0.6402423977851868,0.3680090010166168,-0.08281310647726059
1,8,0.6416100263595581,0.3124690353870392,-0.09679048508405685
1,9,0.6930510401725769,0.5417733788490295,-0.036074571311473846
1,10,0.6933480501174927,0.5043375492095947,-0.08325009047985077
1,11,0.692335307598114,0.5749968886375427,-0.09362228214740753
1,12,0.6906276941299438,0.6182931065559387,-0.09043444693088531
1,13,0.7328142523765564,0.5553557276725769,-0.04372711479663849
1,14,0.7340919375419617,0.5362985134124756,-0.08276931941509247
1,15,0.7253624796867371,0.6016619205474854,-0.0736711323261261
1,16,0.7183853387832642,0.6355201005935669,-0.05780510604381561
1,17,0.7691162824630737,0.5773549675941467,-0.054521456360816956
1,18,0.7708308696746826,0.5597949028015137,-0.07516267895698547
1,19,0.7558703422546387,0.6060377359390259,-0.06495635956525803
1,20,0.744209885597229,0.6321004629135132,-0.0515340231359005
1,0,0.7265296578407288,0.743526816368103,-5.793507185103408e-08
1,1,0.6811473369598389,0.7191911935806274,-0.026289120316505432
1,2,0.6473858952522278,0.6657924652099609,-0.04626759886741638
1,3,0.6610457897186279,0.6101400852203369,-0.06713882088661194
1,4,0.6933166980743408,0.5765339732170105,-0.08665134757757187
1,5,0.650749683380127,0.5351060032844543,-0.032782550901174545
1,6,0.6382328867912292,0.42513275146484375,-0.06356948614120483
1,7,0.6393816471099854,0.3602644205093384,-0.0833432599902153
1,8,0.6407214999198914,0.3032386302947998,-0.09712683409452438
1,9,0.6933329701423645,0.5394625067710876,-0.03712271526455879
1,10,0.6930277347564697,0.5041785836219788,-0.08493383228778839
1,11,0.692481279373169,0.5727528929710388,-0.09624599665403366
1,12,0.690309464931488,0.6157663464546204,-0.09364224225282669
1,13,0.7331091165542603,0.5530601143836975,-0.044558752328157425
1,14,0.7332947254180908,0.5350176692008972,-0.08425917476415634
1,15,0.7263601422309875,0.6007513999938965,-0.07479503750801086
1,16,0.7196516394615173,0.6355081796646118,-0.05865238234400749
1,17,0.7699734568595886,0.5750843286514282,-0.05506502464413643
1,18,0.7703133225440979,0.5587030649185181,-0.0763869434595108
1,19,0.7571507692337036,0.6064610481262207,-0.06560948491096497
1,20,0.7468244433403015,0.6325978636741638,-0.05156618729233742
1,0,0.7239010334014893,0.7482376098632812,-8.420269637099409e-08
1,1,0.6776053309440613,0.71893709897995,-0.02719714120030403
1,2,0.6448061466217041,0.6658569574356079,-0.047451671212911606
1,3,0.659226655960083,0.6095526218414307,-0.0684012696146965
1,4,0.6924842596054077,0.5755212903022766,-0.08794855326414108
1,5,0.6528447270393372,0.5391982793807983,-0.03263837471604347
1,6,0.6452599167823792,0.4339371621608734,-0.06369008868932724
1,7,0.648679256439209,0.3717505633831024,-0.08362782001495361
1,8,0.6514011025428772,0.3163868188858032,-0.09745057672262192
1,9,0.6947023272514343,0.5446838736534119,-0.036389052867889404
1,10,0.6957634091377258,0.50472092628479,-0.08367013931274414
1,11,0.6930295825004578,0.5746192336082458,-0.09432891011238098
1,12,0.6898993849754333,0.619379997253418,-0.09120539575815201
1,13,0.7336041927337646,0.5592530369758606,-0.04350635036826134
1,14,0.7356902360916138,0.5396959185600281,-0.08302894979715347
1,15,0.7252495288848877,0.6049012541770935,-0.0741003081202507
1,16,0.7171995639801025,0.640135645866394,-0.05816128849983215
1,17,0.7691848874092102,0.5817239880561829,-0.053840525448322296
1,18,0.7714914083480835,0.5648430585861206,-0.07483251392841339
1,19,0.7556590437889099,0.6103197932243347,-0.0649665892124176
1,20,0.7436109781265259,0.6366518139839172,-0.05174354836344719
1,0,0.7247337698936462,0.7461830973625183,-1.0569203823251883e-07
1,1,0.6782481670379639,0.7183865308761597,-0.02400107868015766
1,2,0.6439968943595886,0.6636323928833008,-0.04192494601011276
1,3,0.6597226858139038,0.6073349118232727,-0.06069435179233551
1,4,0.6931033134460449,0.5737614631652832,-0.07799934595823288
1,5,0.6517665982246399,0.5387820601463318,-0.0301510039716959
1,6,0.643237292766571,0.4325863718986511,-0.061039701104164124
1,7,0.6454867124557495,0.3701409101486206,-0.08232461661100388
1,8,0.6466336846351624,0.3145584464073181,-0.09746406227350235
1,9,0.6938953995704651,0.545058012008667,-0.03416033461689949
1,10,0.6939818263053894,0.5077340602874756,-0.0797911211848259
1,11,0.6917336583137512,0.5787920355796814,-0.09064051508903503
1,12,0.6885759830474854,0.6232551336288452,-0.08871452510356903
1,13,0.7332462072372437,0.5588053464889526,-0.04123326390981674
1,14,0.7341973185539246,0.5357264876365662,-0.07831286638975143
1,15,0.7239367961883545,0.6026611328125,-0.06788090616464615
1,16,0.7155672907829285,0.639295220375061,-0.0521012507379055
1,17,0.7685015201568604,0.58034348487854,-0.051304105669260025
1,18,0.7703050971031189,0.5603705644607544,-0.07129571586847305
1,19,0.7549581527709961,0.6074920296669006,-0.06038796901702881
1,20,0.7438021898269653,0.6336603164672852,-0.04684241861104965
1,0,0.7128890156745911,0.7434713840484619,-3.9952006147814245e-08
1,1,0.6688076853752136,0.7173707485198975,-0.025130784139037132
1,2,0.6360820531845093,0.661749541759491,-0.04433829337358475
1,3,0.652176022529602,0.6085776090621948,-0.06477414816617966
1,4,0.6867880821228027,0.57989501953125,-0.08426804095506668
1,5,0.6533983945846558,0.5295319557189941,-0.03370364010334015
1,6,0.6496644616127014,0.42177996039390564,-0.0641503632068634
1,7,0.6562209129333496,0.3588959276676178,-0.083356574177742
1,8,0.6623991131782532,0.303986132144928,-0.09666553884744644
1,9,0.6949776411056519,0.541782557964325,-0.0383058562874794
1,10,0.6949200630187988,0.5078532695770264,-0.0845775231719017
1,11,0.6863988637924194,0.573496401309967,-0.09523610770702362
1,12,0.6815215349197388,0.6105771064758301,-0.09295104444026947
1,13,0.7327050566673279,0.56195068359375,-0.0459916777908802
1,14,0.7327998280525208,0.5472223162651062,-0.08472093939781189
1,15,0.7188000679016113,0.6081424951553345,-0.07658150792121887
1,16,0.7108239531517029,0.6353589296340942,-0.0619027316570282
1,17,0.7675176858901978,0.5892093777656555,-0.0565749816596508
1,18,0.7681764960289001,0.57131028175354,-0.07747840136289597
1,19,0.7502646446228027,0.6147516965866089,-0.06780287623405457
1,20,0.7383925914764404,0.6358487606048584,-0.05484325811266899
1,0,0.7070221304893494,0.7475268840789795,-7.089411013794233e-08
1,1,0.6632379293441772,0.719405472278595,-0.02725878171622753
1,2,0.6326377391815186,0.6649308204650879,-0.04787570983171463
1,3,0.6476148962974548,0.612061619758606,-0.0694832056760788
1,4,0.6831656098365784,0.5818580389022827,-0.08967623859643936
1,5,0.6529411673545837,0.5315332412719727,-0.033520568162202835
1,6,0.6510151624679565,0.4231542944908142,-0.06326191872358322
1,7,0.6585661172866821,0.3618554174900055,-0.08130834251642227
1,8,0.6657642126083374,0.3089587092399597,-0.09365633130073547
1,9,0.692743718624115,0.5443887710571289,-0.03732827305793762
1,10,0.6926179528236389,0.5111542344093323,-0.0839405506849289
1,11,0.6837780475616455,0.5744595527648926,-0.095061294734478
1,12,0.6787315607070923,0.6132593154907227,-0.09278298169374466
1,13,0.7292131781578064,0.5659313797950745,-0.04439514875411987
1,14,0.7306232452392578,0.5519092082977295,-0.08419312536716461
1,15,0.7141086459159851,0.6102367639541626,-0.07714708149433136
1,16,0.7037798762321472,0.6393027305603027,-0.06266281753778458
1,17,0.7623872756958008,0.5957491397857666,-0.05449254438281059
1,18,0.7649394869804382,0.5779024362564087,-0.07632645964622498
1,19,0.7455958724021912,0.6180713176727295,-0.06776726245880127
1,20,0.7319352626800537,0.6413276195526123,-0.05528068542480469
1,0,0.7065838575363159,0.7473171949386597,-8.594670930506254e-08
1,1,0.6632797122001648,0.7189228534698486,-0.027751844376325607
1,2,0.6328831315040588,0.6654545664787292,-0.048814523965120316
1,3,0.6457722783088684,0.6137399673461914,-0.07072873413562775
1,4,0.6786562204360962,0.5813001990318298,-0.09091972559690475
1,5,0.6529403924942017,0.53022301197052,-0.03345421329140663
1,6,0.650399923324585,0.4214913547039032,-0.06367367506027222
1,7,0.6579512357711792,0.3601480722427368,-0.08214088529348373
1,8,0.6655579209327698,0.3074305057525635,-0.0947558581829071
1,9,0.693110466003418,0.5426542162895203,-0.03699108958244324
1,10,0.6939655542373657,0.5132838487625122,-0.08494459092617035
1,11,0.6856982111930847,0.5789346694946289,-0.09658155590295792
1,12,0.6801751255989075,0.6205962300300598,-0.09422064572572708
1,13,0.7298797965049744,0.5639951825141907,-0.043895162642002106
1,14,0.730231761932373,0.5530065894126892,-0.08437838405370712
1,15,0.7144405841827393,0.6123814582824707,-0.07706515491008759
1,16,0.7037844657897949,0.6423239707946777,-0.06218991428613663
1,17,0.7631722688674927,0.5932144522666931,-0.05386916548013687
1,18,0.7649751305580139,0.579029381275177,-0.07617902010679245
1,19,0.7460684180259705,0.619575023651123,-0.06761326640844345
1,20,0.732384979724884,0.6419543027877808,-0.05494578555226326
1,0,0.6977599263191223,0.7503324747085571,-9.067415618346786e-08
1,1,0.6546391844749451,0.7175805568695068,-0.025129374116659164
1,2,0.6241043210029602,0.6626275181770325,-0.0443924181163311
1,3,0.6387271285057068,0.6108083128929138,-0.06504092365503311
1,4,0.6753749251365662,0.5841155052185059,-0.08444861322641373
1,5,0.650970458984375,0.5286921262741089,-0.03066246211528778
1,6,0.6524792909622192,0.42243996262550354,-0.05997440591454506
1,7,0.661415696144104,0.36193016171455383,-0.07842965424060822
1,8,0.669555127620697,0.3095248341560364,-0.09117305278778076
1,9,0.6901131272315979,0.5461621880531311,-0.03499172627925873
1,10,0.6876585483551025,0.5119214653968811,-0.0806233137845993
1,11,0.6767071485519409,0.5766265392303467,-0.09186830371618271
1,12,0.6711276769638062,0.6164735555648804,-0.0899379551410675
1,13,0.7257559299468994,0.5707680583000183,-0.0424942821264267
1,14,0.7255073189735413,0.5529557466506958,-0.08198703825473785
1,15,0.7067354917526245,0.6116612553596497,-0.07514578849077225
1,16,0.6955941915512085,0.6424551606178284,-0.06066851690411568
1,17,0.7576354146003723,0.6027795672416687,-0.052764929831027985
1,18,0.7600529193878174,0.579829752445221,-0.07457975298166275
1,19,0.7389199137687683,0.6191583275794983,-0.06584271043539047
1,20,0.7243173718452454,0.6433326005935669,-0.05310235172510147
1,0,0.6945629119873047,0.7501544952392578,-1.0003392247881493e-07
1,1,0.6518863439559937,0.7160854935646057,-0.025095665827393532
1,2,0.6222625970840454,0.6589980125427246,-0.04456668347120285
1,3,0.6376011371612549,0.6071911454200745,-0.06547403335571289
1,4,0.674809992313385,0.5826342105865479,-0.08511534333229065
1,5,0.6509996652603149,0.5304946303367615,-0.030844252556562424
1,6,0.6531369090080261,0.42278337478637695,-0.06002405658364296
1,7,0.6631534099578857,0.3617357611656189,-0.07839915156364441
1,8,0.67255699634552,0.3091844618320465,-0.0912528857588768
1,9,0.6897693872451782,0.5488909482955933,-0.03546666353940964
1,10,0.6890792846679688,0.51307612657547,-0.08256672322750092
1,11,0.6776806712150574,0.5804287195205688,-0.09390375763177872
1,12,0.6714763045310974,0.6246157884597778,-0.09154795855283737
1,13,0.7250012159347534,0.5739849209785461,-0.04326243698596954
1,14,0.7256096005439758,0.5533316731452942,-0.08357996493577957
1,15,0.7067493200302124,0.6134299635887146,-0.07636034488677979
1,16,0.6948764324188232,0.6470526456832886,-0.061372060328722
1,17,0.7563527226448059,0.6059125661849976,-0.053835757076740265
1,18,0.7604255676269531,0.5800484418869019,-0.07607533037662506
1,19,0.7390322089195251,0.6189889907836914,-0.06729122996330261
1,20,0.7237211465835571,0.6446191668510437,-0.054600633680820465
1,0,0.693793773651123,0.7497978210449219,-1.016082862292933e-07
1,1,0.6516475677490234,0.7172585129737854,-0.02525809407234192
1,2,0.6216617226600647,0.6587049961090088,-0.044760290533304214
1,3,0.637617826461792,0.6064260601997375,-0.06559517234563828
1,4,0.6751736402511597,0.5828969478607178,-0.08515474200248718
1,5,0.6506417393684387,0.5308910608291626,-0.03145459294319153
1,6,0.6528891921043396,0.4222434163093567,-0.060648057609796524
1,7,0.6629743576049805,0.36072826385498047,-0.07878533750772476
1,8,0.6726172566413879,0.3081820011138916,-0.09145400673151016
1,9,0.6893854141235352,0.5490135550498962,-0.03589732572436333
1,10,0.6887156367301941,0.514237642288208,-0.08320492506027222
1,11,0.6774821281433105,0.5812543034553528,-0.09421684592962265
1,12,0.6712782979011536,0.6254199743270874,-0.09154529869556427
1,13,0.7246009111404419,0.5737374424934387,-0.04349119961261749
1,14,0.7252124547958374,0.5536565780639648,-0.08394942432641983
1,15,0.7066019177436829,0.613386869430542,-0.07628142088651657
1,16,0.6947215795516968,0.6466520428657532,-0.060987457633018494
1,17,0.7560899257659912,0.6053205132484436,-0.05386951565742493
1,18,0.7597907185554504,0.5801258087158203,-0.07631839066743851
1,19,0.7385702729225159,0.6194518208503723,-0.06732197850942612
1,20,0.7233309149742126,0.6449984312057495,-0.054439157247543335
1,0,0.6892736554145813,0.7522438764572144,-1.2003300753349322e-07
1,1,0.6469638347625732,0.7174624800682068,-0.02215636894106865
1,2,0.6169692277908325,0.6596661806106567,-0.04032785817980766
1,3,0.62958163022995,0.6061331629753113,-0.06031445041298866
1,4,0.666339635848999,0.5820410847663879,-0.07927325367927551
1,5,0.6491476893424988,0.531258225440979,-0.028845785185694695
1,6,0.6528807282447815,0.423362672328949,-0.05869920551776886
1,7,0.6634160876274109,0.361686646938324,-0.07791827619075775
1,8,0.6725356578826904,0.3094579577445984,-0.09115162491798401
1,9,0.687283456325531,0.5498350858688354,-0.03428572043776512
1,10,0.6818490624427795,0.5132570862770081,-0.08040349185466766
1,11,0.6694293022155762,0.5789651870727539,-0.09132179617881775
1,12,0.6634251475334167,0.6223084330558777,-0.0889686718583107
1,13,0.7223987579345703,0.5747464895248413,-0.04267778620123863
1,14,0.7189995646476746,0.5550298690795898,-0.08169715106487274
1,15,0.6986684203147888,0.6145858764648438,-0.07323858886957169
1,16,0.6870255470275879,0.6485316753387451,-0.05773523449897766
1,17,0.7536823153495789,0.6073557734489441,-0.05367061495780945
1,18,0.7533849477767944,0.5849482417106628,-0.07477639615535736
1,19,0.7305492758750916,0.6248111724853516,-0.06484958529472351
1,20,0.7158243060112,0.6502023339271545,-0.05136904865503311
1,0,0.6881639957427979,0.7500503063201904,-8.647734972555554e-08
1,1,0.6458055377006531,0.715384304523468,-0.02382655255496502
1,2,0.6171212196350098,0.6574533581733704,-0.043223462998867035
1,3,0.6323439478874207,0.6057016253471375,-0.06434962153434753
1,4,0.6695422530174255,0.5826131701469421,-0.08427326381206512
1,5,0.6478844285011292,0.5283235907554626,-0.02982616052031517
1,6,0.6526406407356262,0.42027488350868225,-0.0589236356317997
1,7,0.6639757752418518,0.3593904972076416,-0.0770057961344719
1,8,0.6742607355117798,0.30737072229385376,-0.08945591747760773
1,9,0.686409592628479,0.5473078489303589,-0.035011980682611465
1,10,0.6844192743301392,0.5106123685836792,-0.08181408047676086
1,11,0.6712926030158997,0.5728714466094971,-0.09336864948272705
1,12,0.6634374260902405,0.6160180568695068,-0.09105619043111801
1,13,0.7217042446136475,0.5726141333580017,-0.04320993646979332
1,14,0.7196992635726929,0.5552938580513,-0.08311139047145844
1,15,0.6993113160133362,0.6127889156341553,-0.07607283443212509
1,16,0.6866762042045593,0.6457950472831726,-0.061179812997579575
1,17,0.7534286379814148,0.6053661108016968,-0.05406276881694794
1,18,0.7538217306137085,0.5842262506484985,-0.07559575885534286
1,19,0.7314364314079285,0.6233587861061096,-0.06650198996067047
1,20,0.7160772681236267,0.6487565040588379,-0.05356224253773689
1,0,0.6801013946533203,0.759086012840271,-1.292646203410186e-07
1,1,0.6381760239601135,0.7227143049240112,-0.02257702313363552
1,2,0.608060896396637,0.6651698350906372,-0.041569750756025314
1,3,0.6178989410400391,0.6125794649124146,-0.062484629452228546
1,4,0.6547194719314575,0.587511420249939,-0.08243405073881149
1,5,0.6412283778190613,0.5385009050369263,-0.030521536245942116
1,6,0.646534264087677,0.42982274293899536,-0.06194308400154114
1,7,0.657151460647583,0.36803147196769714,-0.08189651370048523
1,8,0.6668912768363953,0.3145594298839569,-0.09555087983608246
1,9,0.6793643236160278,0.5555577874183655,-0.035925060510635376
1,10,0.6692126989364624,0.518510639667511,-0.08209303766489029
1,11,0.6576054096221924,0.5836747884750366,-0.0922141820192337
1,12,0.6547380089759827,0.6238834261894226,-0.08965040743350983
1,13,0.7143848538398743,0.5804328322410583,-0.04446748271584511
1,14,0.7084904313087463,0.5593513250350952,-0.08322219550609589
1,15,0.6890130639076233,0.6159865260124207,-0.07378906011581421
1,16,0.6805455684661865,0.6465981006622314,-0.05787195265293121
1,17,0.7459545731544495,0.6136482954025269,-0.05584430322051048
1,18,0.7451454401016235,0.5879217386245728,-0.07647018134593964
1,19,0.722430408000946,0.6250199675559998,-0.0662718415260315
1,20,0.7095575928688049,0.649445116519928,-0.052801359444856644
1,0,0.6761813759803772,0.7555788159370422,-5.8979843231554696e-08
1,1,0.6346985101699829,0.7192234396934509,-0.023732660338282585
1,2,0.6058869361877441,0.6613975763320923,-0.04266929626464844
1,3,0.6194455027580261,0.6097933650016785,-0.06316659599542618
1,4,0.6554197072982788,0.584533154964447,-0.0824616327881813
1,5,0.6389731168746948,0.5345578193664551,-0.030098827555775642
1,6,0.645501434803009,0.4286555051803589,-0.05908902361989021
1,7,0.6576932072639465,0.36795592308044434,-0.07712502777576447
1,8,0.6696425676345825,0.31514251232147217,-0.08949963748455048
1,9,0.6776326298713684,0.5531202554702759,-0.035009268671274185
1,10,0.6729803085327148,0.509405791759491,-0.07921559363603592
1,11,0.6599112153053284,0.565049946308136,-0.09025564044713974
1,12,0.6541334986686707,0.6053689122200012,-0.08830311894416809
1,13,0.7130603194236755,0.5788406133651733,-0.042912762612104416
1,14,0.7095555663108826,0.5578697919845581,-0.08119302242994308
1,15,0.688642680644989,0.6133853197097778,-0.07417257130146027
1,16,0.6770320534706116,0.6463410258293152,-0.05966566875576973
1,17,0.7451136112213135,0.6122569441795349,-0.053484831005334854
1,18,0.7441312670707703,0.5874059200286865,-0.07402031868696213
1,19,0.7210980653762817,0.6248154640197754,-0.0649285688996315
1,20,0.7065398097038269,0.6500454545021057,-0.05231938511133194
1,0,0.6762769818305969,0.7547311782836914,-7.42964232358645e-08
1,1,0.6349119544029236,0.7194149494171143,-0.023815376684069633
1,2,0.6056839227676392,0.6612368226051331,-0.04328976571559906
1,3,0.6188448071479797,0.6090167164802551,-0.0644172951579094
1,4,0.655247151851654,0.5839362144470215,-0.08440369367599487
1,5,0.639535665512085,0.5345273017883301,-0.03019949235022068
1,6,0.6463360786437988,0.42832493782043457,-0.05903979390859604
1,7,0.658697247505188,0.3678320050239563,-0.07694613933563232
1,8,0.670444667339325,0.3155624568462372,-0.08940058946609497
1,9,0.6780433058738708,0.5535455346107483,-0.03532299026846886
1,10,0.6745631694793701,0.5138751268386841,-0.08018697053194046
1,11,0.6614512801170349,0.5710351467132568,-0.09123867750167847
1,12,0.654926598072052,0.611724853515625,-0.08939164131879807
1,13,0.7131543159484863,0.5792691707611084,-0.043479207903146744
1,14,0.7102129459381104,0.5582340955734253,-0.08239519596099854
1,15,0.6888642311096191,0.6133406162261963,-0.0753578394651413
1,16,0.6762911677360535,0.6459872126579285,-0.061030320823192596
1,17,0.745360255241394,0.6124303340911865,-0.05426844581961632
1,18,0.7446973919868469,0.5872105956077576,-0.07569046318531036
1,19,0.7214322090148926,0.6246432662010193,-0.06694428622722626
1,20,0.7057461738586426,0.6501322984695435,-0.0546308308839798
1,0,0.6902143955230713,0.7396671175956726,-1.6760611742938636e-07
1,1,0.6464170217514038,0.7146727442741394,-0.024195121601223946
1,2,0.6098913550376892,0.6620116233825684,-0.04320265352725983
1,3,0.6207596063613892,0.6104304790496826,-0.06338675320148468
1,4,0.6492122411727905,0.5761349201202393,-0.08254105597734451
1,5,0.6169445514678955,0.5259283185005188,-0.032915592193603516
1,6,0.6016823649406433,0.4225214421749115,-0.060552239418029785
1,7,0.5990484356880188,0.3626629114151001,-0.07713780552148819
1,8,0.5977373123168945,0.3093535304069519,-0.08895179629325867
1,9,0.6602272987365723,0.5306363701820374,-0.03754763305187225
1,10,0.6559184193611145,0.5054787993431091,-0.08074303716421127
1,11,0.6517765522003174,0.5736657381057739,-0.09020525217056274
1,12,0.6501825451850891,0.6169500946998596,-0.08746824413537979
1,13,0.7009775042533875,0.5476992130279541,-0.044912662357091904
1,14,0.6946384906768799,0.5396882891654968,-0.08206858485937119
1,15,0.6838259696960449,0.6029337048530579,-0.07336211204528809
1,16,0.6777803301811218,0.635607898235321,-0.05845378711819649
1,17,0.7384647130966187,0.5734991431236267,-0.054947029799222946
1,18,0.7327194213867188,0.5572510361671448,-0.07525341957807541
1,19,0.7168686985969543,0.6019317507743835,-0.06511600315570831
1,20,0.7072912454605103,0.6270797848701477,-0.05203302949666977
1,0,0.7175043821334839,0.7503325939178467,-1.425870266302809e-07
1,1,0.6702762246131897,0.7373300790786743,-0.02875141054391861
1,2,0.6300851106643677,0.6926794052124023,-0.04972289502620697
1,3,0.6366176009178162,0.6410203576087952,-0.0707135945558548
1,4,0.6594892740249634,0.6005486845970154,-0.09044459462165833
1,5,0.6224745512008667,0.5595542192459106,-0.037686772644519806
1,6,0.5940672159194946,0.4589430093765259,-0.06800707429647446
1,7,0.5830849409103394,0.39963772892951965,-0.08595900982618332
1,8,0.5745160579681396,0.34584009647369385,-0.09850635379552841
1,9,0.6662963628768921,0.553615152835846,-0.041013553738594055
1,10,0.6608103513717651,0.524474024772644,-0.087858185172081
1,11,0.6654700636863708,0.5970467925071716,-0.09710373729467392
1,12,0.6686380505561829,0.6397956013679504,-0.09336034208536148
1,13,0.708123505115509,0.5610640645027161,-0.04757406562566757
1,14,0.7035087943077087,0.5488606691360474,-0.08811184763908386
1,15,0.7014371156692505,0.6167877316474915,-0.07744361460208893
1,16,0.7001113295555115,0.6487000584602356,-0.06045336276292801
1,17,0.7475005388259888,0.578268826007843,-0.057204145938158035
1,18,0.7436591982841492,0.5606314539909363,-0.07957129925489426
1,19,0.7347288727760315,0.6107917428016663,-0.06811448931694031
1,20,0.7296777963638306,0.6363323926925659,-0.0536307692527771
1,0,0.7175783514976501,0.7501218914985657,-1.268853537794712e-07
1,1,0.6696494817733765,0.7365339994430542,-0.027584189549088478
1,2,0.6287213563919067,0.6911199688911438,-0.04776138812303543
1,3,0.6357443332672119,0.6388692855834961,-0.06824725866317749
1,4,0.6603937149047852,0.6002815961837769,-0.087626613676548
1,5,0.6224004626274109,0.5577781200408936,-0.036322325468063354
1,6,0.5936101078987122,0.45751500129699707,-0.06584466993808746
1,7,0.5827906727790833,0.3984754681587219,-0.08337720483541489
1,8,0.5744682550430298,0.34527498483657837,-0.09572573006153107
1,9,0.6663200855255127,0.5533691644668579,-0.0400695875287056
1,10,0.6604859828948975,0.5237858295440674,-0.0860792025923729
1,11,0.6655582189559937,0.5956687331199646,-0.09506203234195709
1,12,0.6693016290664673,0.6392112970352173,-0.09136337786912918
1,13,0.7082638144493103,0.5617098212242126,-0.04701116308569908
1,14,0.7035017013549805,0.5478828549385071,-0.08706887066364288
1,15,0.7010324001312256,0.6155492663383484,-0.07693708688020706
1,16,0.6990698575973511,0.6492807269096375,-0.060467470437288284
1,17,0.7476387619972229,0.5797692537307739,-0.056899238377809525
1,18,0.7440144419670105,0.5602299571037292,-0.07936906814575195
1,19,0.7344528436660767,0.6101869940757751,-0.0684213638305664
1,20,0.7281257510185242,0.637459397315979,-0.05437339469790459
1,0,0.7189464569091797,0.7490850687026978,-1.5514555684603692e-07
1,1,0.6718072295188904,0.7360827922821045,-0.028625579550862312
1,2,0.6309599280357361,0.6925568580627441,-0.04993660748004913
1,3,0.6372190117835999,0.6412361860275269,-0.07124539464712143
1,4,0.6613344550132751,0.6021586656570435,-0.09136227518320084
1,5,0.6232326030731201,0.5603827834129333,-0.038910288363695145
1,6,0.5928085446357727,0.4611169397830963,-0.06978344172239304
1,7,0.5809378623962402,0.40328165888786316,-0.08819631487131119
1,8,0.5717506408691406,0.3501513600349426,-0.10105953365564346
1,9,0.666979193687439,0.5544102191925049,-0.042175184935331345
1,10,0.661210298538208,0.5263963341712952,-0.08925845474004745
1,11,0.6657863259315491,0.6002543568611145,-0.09859523177146912
1,12,0.668499231338501,0.6424524188041687,-0.09505438804626465
1,13,0.7086796760559082,0.561225414276123,-0.048574626445770264
1,14,0.7042174935340881,0.5482945442199707,-0.08927593380212784
1,15,0.7024062275886536,0.6171197891235352,-0.07851658016443253
1,16,0.700905442237854,0.6494452953338623,-0.06149518862366676
1,17,0.7475890517234802,0.5777652859687805,-0.05800860375165939
1,18,0.7442969679832458,0.5594159364700317,-0.08049818128347397
1,19,0.7352883815765381,0.6103029251098633,-0.06897959858179092
1,20,0.7298951745033264,0.6362622976303101,-0.05444681644439697
1,0,0.718163013458252,0.7495113015174866,-1.4107841650456976e-07
1,1,0.6710907816886902,0.7371055483818054,-0.027483120560646057
1,2,0.6291977763175964,0.6926882863044739,-0.04784371703863144
1,3,0.636161208152771,0.6405737400054932,-0.06843826174736023
1,4,0.6619582176208496,0.6034422516822815,-0.0881241112947464
1,5,0.6229702830314636,0.5612116456031799,-0.037623655050992966
1,6,0.592685878276825,0.4627937972545624,-0.06774763762950897
1,7,0.5807124376296997,0.4048168659210205,-0.08599325269460678
1,8,0.5711701512336731,0.35196417570114136,-0.09889213740825653
1,9,0.6668372750282288,0.5562264323234558,-0.04133118689060211
1,10,0.6604689955711365,0.5253722071647644,-0.08763587474822998
1,11,0.6657308340072632,0.597471296787262,-0.09690665453672409
1,12,0.6691077351570129,0.640239953994751,-0.09346120804548264
1,13,0.7085860371589661,0.563258945941925,-0.04809359088540077
1,14,0.7033731937408447,0.5475457906723022,-0.08816716074943542
1,15,0.7021141648292542,0.6155185699462891,-0.0777365043759346
1,16,0.7007899880409241,0.649148166179657,-0.061064425855875015
1,17,0.7476261258125305,0.579733669757843,-0.057781610637903214
1,18,0.7437481880187988,0.5578620433807373,-0.07995125651359558
1,19,0.734825074672699,0.6081499457359314,-0.06856317073106766
1,20,0.7292509078979492,0.6353219747543335,-0.05430188402533531
1,0,0.7249082922935486,0.7501134276390076,-1.6218493215092167e-07
1,1,0.6769255995750427,0.7379944920539856,-0.029387671500444412
1,2,0.6347575783729553,0.6954553127288818,-0.05114629492163658
1,3,0.6395397186279297,0.6433475613594055,-0.07292310893535614
1,4,0.6648314595222473,0.6040852069854736,-0.09351738542318344
1,5,0.6231565475463867,0.5670338273048401,-0.03674964979290962
1,6,0.5887589454650879,0.4721184968948364,-0.06870982050895691
1,7,0.5726590752601624,0.4163023829460144,-0.0877089649438858
1,8,0.5597689747810364,0.3648802638053894,-0.10077115893363953
1,9,0.6669902205467224,0.556365966796875,-0.04007783904671669
1,10,0.6604731678962708,0.5263094305992126,-0.08873626589775085
1,11,0.6683052182197571,0.600714921951294,-0.09858114272356033
1,12,0.6728563904762268,0.6442503333091736,-0.09432590752840042
1,13,0.7088273763656616,0.5599011778831482,-0.04686123877763748
1,14,0.7037379145622253,0.5484335422515869,-0.08897817134857178
1,15,0.7044101357460022,0.6183754205703735,-0.07817965745925903
1,16,0.7042466402053833,0.6513971090316772,-0.060157615691423416
1,17,0.7481451034545898,0.5740960240364075,-0.056763529777526855
1,18,0.7443965673446655,0.5584882497787476,-0.07985492050647736
1,19,0.7376292943954468,0.6103768348693848,-0.06827788800001144
1,20,0.7334186434745789,0.6363838911056519,-0.053269095718860626
1,0,0.728195071220398,0.7489901781082153,-1.5826391575046728e-07
1,1,0.6813146471977234,0.7388330101966858,-0.027916399762034416
1,2,0.6365687847137451,0.6951326131820679,-0.04845905676484108
1,3,0.6415148377418518,0.6411314606666565,-0.06909681856632233
1,4,0.66732257604599,0.6036455035209656,-0.08878803253173828
1,5,0.6233199238777161,0.5667715072631836,-0.03670612350106239
1,6,0.5857145190238953,0.4737674593925476,-0.0675053820014
1,7,0.5666524171829224,0.4184592366218567,-0.08588237315416336
1,8,0.5507573485374451,0.36853307485580444,-0.09885894507169724
1,9,0.6677030324935913,0.5550622344017029,-0.04074975475668907
1,10,0.6602388024330139,0.5240973830223083,-0.08864086121320724
1,11,0.6687843799591064,0.5964134335517883,-0.09819852560758591
1,12,0.6738848090171814,0.6399718523025513,-0.09389061480760574
1,13,0.710125744342804,0.5581818222999573,-0.04800224304199219
1,14,0.7044684290885925,0.5489034652709961,-0.08905843645334244
1,15,0.705699622631073,0.6170619130134583,-0.07879781723022461
1,16,0.7053167819976807,0.6496031284332275,-0.0614941343665123
1,17,0.7503497004508972,0.5721245408058167,-0.058264948427677155
1,18,0.745599627494812,0.5578944087028503,-0.08066632598638535
1,19,0.7389354705810547,0.6086502075195312,-0.06958208978176117
1,20,0.7344174385070801,0.633872926235199,-0.055284615606069565
1,0,0.7283662557601929,0.7487090826034546,-1.615575229152455e-07
1,1,0.6816686391830444,0.7389847040176392,-0.0276439618319273
1,2,0.6360036730766296,0.6956142783164978,-0.04809729382395744
1,3,0.641028106212616,0.6412875652313232,-0.06869887560606003
1,4,0.6675886511802673,0.6040842533111572,-0.08841124922037125
1,5,0.6237797141075134,0.5672113299369812,-0.03771769255399704
1,6,0.5854499936103821,0.4738891124725342,-0.06869287043809891
1,7,0.5660953521728516,0.4190901517868042,-0.08720089495182037
1,8,0.5498113036155701,0.36942845582962036,-0.10034523159265518
1,9,0.6681393384933472,0.5562264323234558,-0.04180998355150223
1,10,0.6597029566764832,0.525219202041626,-0.08958350867033005
1,11,0.668371319770813,0.5982802510261536,-0.09884203970432281
1,12,0.6739741563796997,0.6411482691764832,-0.09462162852287292
1,13,0.7105253338813782,0.5595106482505798,-0.04904542490839958
1,14,0.7041195034980774,0.5480042099952698,-0.0900762677192688
1,15,0.7056231498718262,0.6166216731071472,-0.07949814200401306
1,16,0.7058462500572205,0.6491075158119202,-0.06218210607767105
1,17,0.7507709860801697,0.5732117891311646,-0.05925707891583443
1,18,0.7456223368644714,0.556007444858551,-0.08185256272554398
1,19,0.7388973236083984,0.6068428158760071,-0.07064187526702881
1,20,0.7346656322479248,0.6325401067733765,-0.05632524564862251
1,0,0.7328352928161621,0.746570348739624,-1.9649149862743798e-07
1,1,0.6853058934211731,0.7355961799621582,-0.02757599763572216
1,2,0.6402751207351685,0.6922614574432373,-0.04812256619334221
1,3,0.6457352638244629,0.6387315988540649,-0.06894306093454361
1,4,0.6716792583465576,0.600002646446228,-0.08878889679908752
1,5,0.6264050602912903,0.5679867267608643,-0.03682704269886017
1,6,0.5840215086936951,0.47805196046829224,-0.06912558525800705
1,7,0.561432957649231,0.4234044551849365,-0.08879996836185455
1,8,0.5419645309448242,0.37395644187927246,-0.10266302525997162
1,9,0.6698793768882751,0.5540492534637451,-0.041183631867170334
1,10,0.6609658002853394,0.5241813659667969,-0.08988840878009796
1,11,0.670303463935852,0.5988557934761047,-0.09983593970537186
1,12,0.6751760244369507,0.6423139572143555,-0.0959462970495224
1,13,0.7121199369430542,0.5553066730499268,-0.04879993945360184
1,14,0.7070022821426392,0.5450822114944458,-0.09036505222320557
1,15,0.7080831527709961,0.6155235767364502,-0.07973731309175491
1,16,0.7071266770362854,0.6476231217384338,-0.06236137077212334
1,17,0.7524994015693665,0.567905604839325,-0.059454064816236496
1,18,0.7489415407180786,0.5533493757247925,-0.0821886658668518
1,19,0.7418233156204224,0.6062225103378296,-0.07085511088371277
1,20,0.7364485263824463,0.6316803097724915,-0.05650497227907181
1,0,0.7352594137191772,0.7433412075042725,-1.9873023404670676e-07
1,1,0.6878629922866821,0.7353240847587585,-0.02823050506412983
1,2,0.6416411399841309,0.6920921802520752,-0.04803948849439621
1,3,0.6474378705024719,0.6363238096237183,-0.0677938312292099
1,4,0.673947811126709,0.5974723696708679,-0.08628669381141663
1,5,0.6245946288108826,0.5651231408119202,-0.036073874682188034
1,6,0.5814599990844727,0.47610539197921753,-0.06825167685747147
1,7,0.5584684014320374,0.42381173372268677,-0.08790291845798492
1,8,0.5386693477630615,0.37608814239501953,-0.10183940082788467
1,9,0.6684176325798035,0.5515367984771729,-0.03977042809128761
1,10,0.6628849506378174,0.5242644548416138,-0.08931086957454681
1,11,0.6738994121551514,0.6011411547660828,-0.09944508969783783
1,12,0.6783957481384277,0.6442205309867859,-0.09545115381479263
1,13,0.7107957005500793,0.5523934364318848,-0.04691864550113678
1,14,0.7091695070266724,0.5442907214164734,-0.08922094106674194
1,15,0.7104327082633972,0.6169847846031189,-0.07901480048894882
1,16,0.7079212069511414,0.648730456829071,-0.06180790811777115
1,17,0.7506744265556335,0.5646699070930481,-0.057192783802747726
1,18,0.7499640583992004,0.5537795424461365,-0.08130676299333572
1,19,0.7433022260665894,0.6085625886917114,-0.07120636850595474
1,20,0.7368428111076355,0.6329802870750427,-0.05752476304769516
1,0,0.736785352230072,0.7438206672668457,-2.0904283815070812e-07
1,1,0.6893218755722046,0.7373524904251099,-0.02806760184466839
1,2,0.64165198802948,0.6944222450256348,-0.04724430665373802
1,3,0.6467601656913757,0.6378233432769775,-0.06638020277023315
1,4,0.6752110123634338,0.5994998216629028,-0.08416397124528885
1,5,0.6243202090263367,0.5674869418144226,-0.03603223338723183
1,6,0.5806494951248169,0.47720062732696533,-0.0684477910399437
1,7,0.5575831532478333,0.4245399832725525,-0.08793232589960098
1,8,0.5381535887718201,0.3760625123977661,-0.1020437479019165
1,9,0.6680179834365845,0.5521190762519836,-0.03963153809309006
1,10,0.6615837812423706,0.5259069204330444,-0.08897639065980911
1,11,0.6732252836227417,0.6017022132873535,-0.09844006597995758
1,12,0.6780886054039001,0.6410917043685913,-0.09439848363399506
1,13,0.7105095982551575,0.5514892935752869,-0.046807803213596344
1,14,0.7083674669265747,0.5467938780784607,-0.0885208398103714
1,15,0.7105482220649719,0.6181149482727051,-0.07798918336629868
1,16,0.7082614898681641,0.6455371379852295,-0.06120312958955765
1,17,0.7504602670669556,0.5624008178710938,-0.05729949474334717
1,18,0.7497580051422119,0.557667076587677,-0.08138523995876312
1,19,0.743149995803833,0.6125082969665527,-0.07213493436574936
1,20,0.7362855076789856,0.633976399898529,-0.05946668982505798
1,0,0.7369310855865479,0.7429065108299255,-1.9791968952631578e-07
1,1,0.6894879341125488,0.7360016107559204,-0.028913119807839394
1,2,0.6429335474967957,0.6949650645256042,-0.049802687019109726
1,3,0.6471735239028931,0.6406883597373962,-0.07064275443553925
1,4,0.6764373183250427,0.6014440059661865,-0.0899435505270958
1,5,0.6247804760932922,0.5683494806289673,-0.038268573582172394
1,6,0.57905113697052,0.4790913462638855,-0.07252180576324463
1,7,0.5545114874839783,0.42728233337402344,-0.09318913519382477
1,8,0.5341470241546631,0.37850692868232727,-0.10790613293647766
1,9,0.6682092547416687,0.553281843662262,-0.04204608127474785
1,10,0.6607306599617004,0.5257455110549927,-0.0920528918504715
1,11,0.6728131175041199,0.6027657389640808,-0.101371169090271
1,12,0.6785394549369812,0.6400303840637207,-0.09731028974056244
1,13,0.7107161283493042,0.553109347820282,-0.04947579652070999
1,14,0.7079172730445862,0.5447834134101868,-0.09150795638561249
1,15,0.7101948261260986,0.6167651414871216,-0.07978764176368713
1,16,0.7090088725090027,0.6423605680465698,-0.06218358501791954
1,17,0.7509199380874634,0.56454998254776,-0.06033117324113846
1,18,0.7500389814376831,0.5549297332763672,-0.08360391855239868
1,19,0.7437663674354553,0.6094108819961548,-0.07268353551626205
1,20,0.7383266687393188,0.6301783323287964,-0.05888223648071289
1,0,0.7360194325447083,0.7424303889274597,-1.941959197893084e-07
1,1,0.6896523237228394,0.7360066175460815,-0.02922896109521389
1,2,0.6425588130950928,0.694547176361084,-0.05005848407745361
1,3,0.6471802592277527,0.6399038434028625,-0.07079364359378815
1,4,0.6763378381729126,0.6007389426231384,-0.09006156772375107
1,5,0.6244853138923645,0.5682653784751892,-0.038343511521816254
1,6,0.5794193744659424,0.4794568717479706,-0.07206431031227112
1,7,0.5550174713134766,0.42783695459365845,-0.09197256714105606
1,8,0.5348238945007324,0.3789897859096527,-0.10627783089876175
1,9,0.6680276393890381,0.5525557398796082,-0.042066458612680435
1,10,0.6608688831329346,0.5256636142730713,-0.0921575203537941
1,11,0.6724497079849243,0.6026096343994141,-0.10133194178342819
1,12,0.6778683066368103,0.6388413906097412,-0.0970771387219429
1,13,0.7106345891952515,0.5522732138633728,-0.049460913985967636
1,14,0.7081162929534912,0.5457319021224976,-0.0917549580335617
1,15,0.7099826335906982,0.6175171136856079,-0.08032388240098953
1,16,0.708016037940979,0.6414383053779602,-0.06294499337673187
1,17,0.7511605024337769,0.5635245442390442,-0.060281913727521896
1,18,0.7501100301742554,0.5560455918312073,-0.0839531347155571
1,19,0.7436100840568542,0.6106091737747192,-0.0735112652182579
1,20,0.7373426556587219,0.6303147077560425,-0.06011826917529106
1,0,0.7384489178657532,0.7407844662666321,-1.9003338991296914e-07
1,1,0.6908009648323059,0.7367908954620361,-0.030467892065644264
1,2,0.6450240612030029,0.6973246932029724,-0.05205352231860161
1,3,0.6495427489280701,0.6436266899108887,-0.07330946624279022
1,4,0.6775773167610168,0.6040157079696655,-0.09285290539264679
1,5,0.6252896785736084,0.5721443295478821,-0.038886018097400665
1,6,0.5785598754882812,0.482835054397583,-0.07364331930875778
1,7,0.5531876087188721,0.43100184202194214,-0.0938815325498581
1,8,0.5324448347091675,0.3828669786453247,-0.10822057723999023
1,9,0.6683163046836853,0.5540398359298706,-0.041885342448949814
1,10,0.6615263223648071,0.5271309614181519,-0.09285510331392288
1,11,0.6747434139251709,0.603195309638977,-0.10150107741355896
1,12,0.6807373762130737,0.6389531493186951,-0.09657273441553116
1,13,0.7103946805000305,0.5517343878746033,-0.04885796457529068
1,14,0.7087871432304382,0.5463263392448425,-0.09128238260746002
1,15,0.712005615234375,0.6165059804916382,-0.07900457084178925
1,16,0.7104766368865967,0.6398130655288696,-0.0609886571764946
1,17,0.7504151463508606,0.561733603477478,-0.059517089277505875
1,18,0.7508931756019592,0.558635950088501,-0.08349723368883133
1,19,0.745083749294281,0.6118354201316833,-0.07355078309774399
1,20,0.7386265397071838,0.6294342875480652,-0.06041125953197479
1,0,0.7388099431991577,0.7427527904510498,-1.8103311560935254e-07
1,1,0.691106915473938,0.7379717826843262,-0.030220668762922287
1,2,0.6458629369735718,0.6992977857589722,-0.051805153489112854
1,3,0.6505001187324524,0.6451908349990845,-0.07290184497833252
1,4,0.6782589554786682,0.6056767702102661,-0.09237387776374817
1,5,0.626305103302002,0.5712235569953918,-0.04032818600535393
1,6,0.5787261724472046,0.48297128081321716,-0.07532594352960587
1,7,0.5532540082931519,0.43119120597839355,-0.0968511551618576
1,8,0.5319631695747375,0.38297292590141296,-0.11231060326099396
1,9,0.669831395149231,0.555964469909668,-0.04346408322453499
1,10,0.6618399620056152,0.5273103713989258,-0.09394820779561996
1,11,0.675203800201416,0.603526771068573,-0.10347370058298111
1,12,0.6809316277503967,0.6398101449012756,-0.09978976100683212
1,13,0.7123197317123413,0.5552642345428467,-0.05033789575099945
1,14,0.709907591342926,0.5448586344718933,-0.09235568344593048
1,15,0.7127947211265564,0.6161706447601318,-0.08043315261602402
1,16,0.7107508182525635,0.6422981023788452,-0.06304754316806793
1,17,0.7520511746406555,0.5663636922836304,-0.060827840119600296
1,18,0.7522799968719482,0.5568673610687256,-0.08512631058692932
1,19,0.7458983659744263,0.6107896566390991,-0.07511778920888901
1,20,0.7388309240341187,0.6310579776763916,-0.06200707331299782
1,0,0.7391334176063538,0.7420023679733276,-1.8158682735247567e-07
1,1,0.6920105814933777,0.7373992800712585,-0.030884265899658203
1,2,0.6463254690170288,0.6991998553276062,-0.052909888327121735
1,3,0.6505736708641052,0.6451939940452576,-0.07433753460645676
1,4,0.6771838068962097,0.6042397022247314,-0.09404158592224121
1,5,0.6269239783287048,0.5726499557495117,-0.04119142144918442
1,6,0.5792317390441895,0.4834006428718567,-0.07600366324186325
1,7,0.5537324547767639,0.43147963285446167,-0.09705307334661484
1,8,0.532296895980835,0.38371652364730835,-0.11205645650625229
1,9,0.6700201034545898,0.5569660067558289,-0.043881017714738846
1,10,0.6638132333755493,0.5273228287696838,-0.09420226514339447
1,11,0.6772938370704651,0.6031994819641113,-0.10332304984331131
1,12,0.6822205185890198,0.6407822370529175,-0.09941606968641281
1,13,0.7121405005455017,0.5556075572967529,-0.0503232516348362
1,14,0.7111340761184692,0.5437937378883362,-0.09257132560014725
1,15,0.7141299247741699,0.6152653098106384,-0.0804900974035263
1,16,0.7111766338348389,0.6428782343864441,-0.06301357597112656
1,17,0.7517181038856506,0.5660451650619507,-0.06035711616277695
1,18,0.7531206011772156,0.555417537689209,-0.0848420038819313
1,19,0.7470681071281433,0.6094129085540771,-0.07466581463813782
1,20,0.7393115162849426,0.6309162974357605,-0.061427026987075806
1,0,0.7408891320228577,0.7411853671073914,-1.8493369680072647e-07
1,1,0.6930375099182129,0.7369681000709534,-0.030199570581316948
1,2,0.6468887329101562,0.6989915370941162,-0.05193713307380676
1,3,0.6517990231513977,0.6447811722755432,-0.07319814711809158
1,4,0.6777342557907104,0.6032674312591553,-0.09294310957193375
1,5,0.6280215978622437,0.5728012919425964,-0.04079213738441467
1,6,0.5800771713256836,0.4841458201408386,-0.07517248392105103
1,7,0.5547511577606201,0.4315313398838043,-0.09632223099470139
1,8,0.5332360863685608,0.38364046812057495,-0.11151619255542755
1,9,0.6712501049041748,0.5563063621520996,-0.04366345703601837
1,10,0.6636766195297241,0.5280202627182007,-0.09359444677829742
1,11,0.6775007843971252,0.6029927730560303,-0.1031608060002327
1,12,0.6828581690788269,0.6414018869400024,-0.09972047805786133
1,13,0.7133117914199829,0.5544016361236572,-0.05013808235526085
1,14,0.7102288007736206,0.5434053540229797,-0.09200967848300934
1,15,0.7140294313430786,0.6143772602081299,-0.0802345722913742
1,16,0.7117739915847778,0.6435400247573853,-0.06306110322475433
1,17,0.7529909014701843,0.5642731189727783,-0.06010296568274498
1,18,0.7519528269767761,0.5544697642326355,-0.0845462754368782
1,19,0.7461935877799988,0.6080425381660461,-0.07453212887048721
1,20,0.7388209700584412,0.6303290724754333,-0.0614265613257885
1,0,0.7412808537483215,0.7417497634887695,-1.857171980645944e-07
1,1,0.6931911110877991,0.7368556261062622,-0.029722612351179123
1,2,0.6473144888877869,0.6988338232040405,-0.0511881522834301
1,3,0.651564359664917,0.6452819108963013,-0.07238710671663284
1,4,0.6783413290977478,0.6054861545562744,-0.09223638474941254
1,5,0.629244863986969,0.5744696259498596,-0.03986860439181328
1,6,0.5804685950279236,0.48646336793899536,-0.07397300004959106
1,7,0.5542953014373779,0.43351876735687256,-0.09531912207603455
1,8,0.5319651365280151,0.3858480453491211,-0.11072643101215363
1,9,0.6720635890960693,0.5578587651252747,-0.04294297844171524
1,10,0.6640145182609558,0.5297480225563049,-0.093019038438797
1,11,0.6784121990203857,0.6037982106208801,-0.10316426306962967
1,12,0.6840760111808777,0.6439012289047241,-0.10006984323263168
1,13,0.7138019800186157,0.5552789568901062,-0.049538951367139816
1,14,0.710026741027832,0.5434089303016663,-0.09144110977649689
1,15,0.7144678831100464,0.6139357686042786,-0.08005353063344955
1,16,0.7124889492988586,0.6453021168708801,-0.06300296634435654
1,17,0.7531858086585999,0.5643273591995239,-0.059579912573099136
1,18,0.7519841194152832,0.553007960319519,-0.08383797109127045
1,19,0.7467788457870483,0.6059005260467529,-0.073837049305439
1,20,0.7398039102554321,0.6294603943824768,-0.06071369722485542
1,0,0.7408121824264526,0.7418199181556702,-1.7774776495116384e-07
1,1,0.693272590637207,0.7370809316635132,-0.029935132712125778
1,2,0.647207498550415,0.6985511183738708,-0.05146500840783119
1,3,0.6513246893882751,0.6451062560081482,-0.07272688299417496
1,4,0.6777394413948059,0.6053664088249207,-0.09266030043363571
1,5,0.6296496391296387,0.57464200258255,-0.03984161093831062
1,6,0.5809208154678345,0.4867941439151764,-0.07349491864442825
1,7,0.5543981790542603,0.43418365716934204,-0.09427030384540558
1,8,0.531927764415741,0.38684478402137756,-0.10923507809638977
1,9,0.6722829341888428,0.5582242608070374,-0.04290347918868065
1,10,0.665429413318634,0.5295268297195435,-0.09302040934562683
1,11,0.6792756915092468,0.6036108136177063,-0.10310683399438858
1,12,0.6844005584716797,0.6439895629882812,-0.09984397143125534
1,13,0.7137216329574585,0.555848240852356,-0.04948475584387779
1,14,0.7109777927398682,0.5431807637214661,-0.09167950600385666
1,15,0.7149133682250977,0.6137267351150513,-0.08048508316278458
1,16,0.7123351097106934,0.6450455188751221,-0.06344424188137054
1,17,0.7529743909835815,0.5649952292442322,-0.05946532264351845
1,18,0.7525619864463806,0.5518986582756042,-0.0838329866528511
1,19,0.7474136352539062,0.6046135425567627,-0.07373833656311035
1,20,0.7401017546653748,0.6284134387969971,-0.0604993961751461
1,0,0.741860568523407,0.7425549626350403,-1.762443702091332e-07
1,1,0.6942927837371826,0.7372721433639526,-0.029070371761918068
1,2,0.6483620405197144,0.7000430226325989,-0.05058319866657257
1,3,0.6515317559242249,0.6465330123901367,-0.07206544280052185
1,4,0.6776081323623657,0.6067173480987549,-0.09220360219478607
1,5,0.6296882629394531,0.5747601389884949,-0.0391024611890316
1,6,0.5808795690536499,0.48675498366355896,-0.07332511246204376
1,7,0.5544487833976746,0.4338006377220154,-0.09473845362663269
1,8,0.5321651101112366,0.386665940284729,-0.11001700907945633
1,9,0.6724554896354675,0.5586979389190674,-0.04254547879099846
1,10,0.6646650433540344,0.5301486849784851,-0.09281158447265625
1,11,0.6793584227561951,0.6051844358444214,-0.1027718260884285
1,12,0.6853951215744019,0.6456432342529297,-0.0994129553437233
1,13,0.7141134738922119,0.5562659502029419,-0.04952008277177811
1,14,0.7108736634254456,0.5422055125236511,-0.09142310917377472
1,15,0.7149524688720703,0.61335289478302,-0.07967427372932434
1,16,0.712852954864502,0.6456387639045715,-0.06232694536447525
1,17,0.7533355951309204,0.5656872987747192,-0.05987514182925224
1,18,0.7526757717132568,0.5523451566696167,-0.08375178277492523
1,19,0.747012734413147,0.6053712964057922,-0.07325257360935211
1,20,0.739676833152771,0.6292658448219299,-0.05975886806845665
1,0,0.7429192662239075,0.7426527142524719,-1.8564746540050692e-07
1,1,0.696175217628479,0.7391054034233093,-0.030107418075203896
1,2,0.6492913961410522,0.7014424800872803,-0.05197864770889282
1,3,0.652202844619751,0.6473891139030457,-0.07360653579235077
1,4,0.6780305504798889,0.6064296960830688,-0.09379603713750839
1,5,0.6300326585769653,0.5764660239219666,-0.04040331766009331
1,6,0.5813655853271484,0.4877166748046875,-0.07526060193777084
1,7,0.5547034740447998,0.43516096472740173,-0.09654010087251663
1,8,0.5322161316871643,0.3874538242816925,-0.11176203936338425
1,9,0.6727781295776367,0.5598158836364746,-0.04358683153986931
1,10,0.6653034090995789,0.5308221578598022,-0.09445441514253616
1,11,0.6797804236412048,0.6067802906036377,-0.10411189496517181
1,12,0.6852514743804932,0.6449078321456909,-0.10050516575574875
1,13,0.7145139575004578,0.5567614436149597,-0.05044271796941757
1,14,0.7119553685188293,0.5440353751182556,-0.09358685463666916
1,15,0.7155647277832031,0.6164006590843201,-0.08175602555274963
1,16,0.7127940654754639,0.6456359028816223,-0.06422725319862366
1,17,0.753865659236908,0.5652846097946167,-0.060710445046424866
1,18,0.753334105014801,0.5526605844497681,-0.08585305511951447
1,19,0.7480579018592834,0.607292652130127,-0.07550118863582611
1,20,0.740837037563324,0.629959762096405,-0.062010426074266434
1,0,0.742735743522644,0.7423740029335022,-1.763586112701887e-07
1,1,0.6950176358222961,0.7386811971664429,-0.029914313927292824
1,2,0.6482955813407898,0.700927734375,-0.05147523432970047
1,3,0.6521074175834656,0.647553563117981,-0.07284339517354965
1,4,0.6783697605133057,0.6073498129844666,-0.0928356945514679
1,5,0.6295796632766724,0.5737980604171753,-0.03963223472237587
1,6,0.5809586048126221,0.4864845275878906,-0.07327517122030258
1,7,0.5546292066574097,0.4347752332687378,-0.09370353817939758
1,8,0.5325379371643066,0.38809484243392944,-0.10833438485860825
1,9,0.6727961301803589,0.5571339726448059,-0.042912501841783524
1,10,0.6652102470397949,0.5303995609283447,-0.09336481243371964
1,11,0.6795851588249207,0.6045737862586975,-0.10356508195400238
1,12,0.6859537363052368,0.6433006525039673,-0.10018090903759003
1,13,0.7148110270500183,0.5546796321868896,-0.049761656671762466
1,14,0.711713969707489,0.5450212359428406,-0.09236793220043182
1,15,0.7153724431991577,0.6156356334686279,-0.08154069632291794
1,16,0.7131273746490479,0.6453423500061035,-0.06457580626010895
1,17,0.7544624209403992,0.563850998878479,-0.05997617915272713
1,18,0.7527411580085754,0.5537546277046204,-0.08428579568862915
1,19,0.7474010586738586,0.6066985130310059,-0.0742325410246849
1,20,0.7404555082321167,0.6290351748466492,-0.060966577380895615
1,0,0.745766282081604,0.7421203851699829,-1.799622566522885e-07
1,1,0.6987241506576538,0.7392579317092896,-0.03201369196176529
1,2,0.652393102645874,0.7027972936630249,-0.05505002662539482
1,3,0.654703676700592,0.6493461728096008,-0.07751927524805069
1,4,0.6795345544815063,0.6066213846206665,-0.09826231002807617
1,5,0.6318253874778748,0.5771327614784241,-0.04156247898936272
1,6,0.5834663510322571,0.48821592330932617,-0.0765746533870697
1,7,0.5569986701011658,0.43653321266174316,-0.0971178486943245
1,8,0.5347119569778442,0.38901254534721375,-0.11164078861474991
1,9,0.6741940379142761,0.558279812335968,-0.043936699628829956
1,10,0.667388916015625,0.5308476686477661,-0.09553496539592743
1,11,0.682702898979187,0.6075344681739807,-0.10457991808652878
1,12,0.6888353824615479,0.6457079648971558,-0.1000499501824379
1,13,0.7155351638793945,0.5540514588356018,-0.050232209265232086
1,14,0.7137672305107117,0.5440934896469116,-0.09416982531547546
1,15,0.7186352014541626,0.6163992285728455,-0.08199934661388397
1,16,0.7165771722793579,0.6451621055603027,-0.06381445378065109
1,17,0.7548303604125977,0.5616797804832458,-0.06010578200221062
1,18,0.7552948594093323,0.551392674446106,-0.08580462634563446
1,19,0.7508906126022339,0.6061547994613647,-0.07571800798177719
1,20,0.7437978386878967,0.6287193894386292,-0.062118541449308395
1,0,0.7376786470413208,0.7525985240936279,-1.5415723453315877e-07
1,1,0.6909069418907166,0.7420426607131958,-0.030917402356863022
1,2,0.6486045122146606,0.6995755434036255,-0.053807925432920456
1,3,0.6540709137916565,0.6460599899291992,-0.07653448730707169
1,4,0.6793139576911926,0.6040911078453064,-0.09792521595954895
1,5,0.6371996998786926,0.5711765289306641,-0.03973667696118355
1,6,0.5975695848464966,0.4780089259147644,-0.07357905060052872
1,7,0.5782216191291809,0.42160895466804504,-0.09378667920827866
1,8,0.5628887414932251,0.3699986934661865,-0.10777810961008072
1,9,0.6804904341697693,0.5587397813796997,-0.04266021400690079
1,10,0.674698531627655,0.5304878354072571,-0.09327699989080429
1,11,0.6832351088523865,0.6050164699554443,-0.1036493107676506
1,12,0.6870453357696533,0.6452096104621887,-0.09979169815778732
1,13,0.722101628780365,0.5607853531837463,-0.04920218139886856
1,14,0.7190911769866943,0.5511717200279236,-0.09257583320140839
1,15,0.7184109687805176,0.6215148568153381,-0.08235202729701996
1,16,0.7152568697929382,0.651912271976471,-0.06502308696508408
1,17,0.7611902952194214,0.5741268396377563,-0.05904211848974228
1,18,0.7593187689781189,0.5649213790893555,-0.08338550478219986
1,19,0.7506898641586304,0.6173883676528931,-0.07327564805746078
1,20,0.7426620125770569,0.6406897306442261,-0.05945310369133949
1,0,0.7240110635757446,0.773345410823822,-1.1549094836027507e-07
1,1,0.6766531467437744,0.7516772747039795,-0.028413867577910423
1,2,0.6403172016143799,0.7024240493774414,-0.05016660690307617
1,3,0.6502885818481445,0.650952935218811,-0.07251866906881332
1,4,0.6798389554023743,0.6158149242401123,-0.0936766266822815
1,5,0.64547199010849,0.5678285360336304,-0.03753974288702011
1,6,0.6261604428291321,0.4608604907989502,-0.06863474100828171
1,7,0.6210864186286926,0.3978698253631592,-0.08758296817541122
1,8,0.6179086565971375,0.34212470054626465,-0.10084440559148788
1,9,0.6895327568054199,0.5688329935073853,-0.041287221014499664
1,10,0.686786949634552,0.5408734083175659,-0.08939750492572784
1,11,0.6859150528907776,0.6092302203178406,-0.10094145685434341
1,12,0.6847694516181946,0.6523656249046326,-0.09882061928510666
1,13,0.7307571768760681,0.5816739201545715,-0.04815082997083664
1,14,0.7278388142585754,0.5695024132728577,-0.08961359411478043
1,15,0.7187366485595703,0.6338667273521423,-0.08178908377885818
1,16,0.7119399905204773,0.6680728197097778,-0.06655217707157135
1,17,0.769081175327301,0.6036493182182312,-0.05797590687870979
1,18,0.7667797803878784,0.5874100923538208,-0.08129571378231049
1,19,0.7527705430984497,0.6335734128952026,-0.0719822570681572
1,20,0.7428671717643738,0.6603705286979675,-0.058770302683115005
1,0,0.7446632385253906,0.7444025874137878,-2.3787313807588362e-07
1,1,0.6949117183685303,0.7337514758110046,-0.025544902309775352
1,2,0.647858738899231,0.6971120238304138,-0.04543725401163101
1,3,0.6475471258163452,0.645616352558136,-0.06598405539989471
1,4,0.6732333898544312,0.6091778874397278,-0.08539573848247528
1,5,0.6299019455909729,0.5722253918647766,-0.03243081271648407
1,6,0.5771246552467346,0.4927792251110077,-0.06371517479419708
1,7,0.5463732481002808,0.44501757621765137,-0.08352898806333542
1,8,0.5207224488258362,0.40241292119026184,-0.09743180871009827
1,9,0.6739913821220398,0.5582910776138306,-0.037413325160741806
1,10,0.6629130244255066,0.5295851230621338,-0.08464562147855759
1,11,0.6743904948234558,0.6005181670188904,-0.0950329601764679
1,12,0.6807714104652405,0.6448225975036621,-0.0916517972946167
1,13,0.71700119972229,0.558179497718811,-0.045616816729307175
1,14,0.7102261185646057,0.5442869663238525,-0.08642136305570602
1,15,0.7121045589447021,0.6136208772659302,-0.07643458247184753
1,16,0.7118361592292786,0.6507896780967712,-0.05926193296909332
1,17,0.7583051919937134,0.5690081715583801,-0.056612879037857056
1,18,0.7536143660545349,0.5503358244895935,-0.0789671316742897
1,19,0.7467820048332214,0.6015841364860535,-0.06784506887197495
1,20,0.7417849898338318,0.6297996640205383,-0.05349036306142807
1,0,0.7617970705032349,0.7369087934494019,-2.150958522406654e-07
1,1,0.713153600692749,0.7377021312713623,-0.028957750648260117
1,2,0.6655339598655701,0.7082992196083069,-0.05109018459916115
1,3,0.6649508476257324,0.6565424799919128,-0.0731695294380188
1,4,0.6870608925819397,0.6128864884376526,-0.09391231834888458
1,5,0.634941041469574,0.583795428276062,-0.03909224271774292
1,6,0.5754269361495972,0.5125643610954285,-0.07335922867059708
1,7,0.5426590442657471,0.47110241651535034,-0.09443946182727814
1,8,0.5155425071716309,0.43337148427963257,-0.10906894505023956
1,9,0.6777007579803467,0.5620668530464172,-0.042717792093753815
1,10,0.6666540503501892,0.5415922999382019,-0.09206777065992355
1,11,0.6870012283325195,0.617282509803772,-0.10157909244298935
1,12,0.6969383955001831,0.653588056564331,-0.09781841933727264
1,13,0.7209873199462891,0.5555174946784973,-0.04993237182497978
1,14,0.716088056564331,0.5458742380142212,-0.09178076684474945
1,15,0.7253259420394897,0.6173401474952698,-0.07978300750255585
1,16,0.7281726598739624,0.6462156176567078,-0.06178802624344826
1,17,0.7619974613189697,0.5617945790290833,-0.06038804352283478
1,18,0.7593888640403748,0.5471232533454895,-0.0837961807847023
1,19,0.7577565908432007,0.6003524661064148,-0.07221900671720505
1,20,0.7553733587265015,0.6228538155555725,-0.05755598098039627
1,0,0.7614439129829407,0.7396982908248901,-2.1272451533604908e-07
1,1,0.7134860754013062,0.7389301657676697,-0.029374802485108376
1,2,0.6655749082565308,0.7098420858383179,-0.051824454218149185
1,3,0.6644614934921265,0.6585932374000549,-0.07416807860136032
1,4,0.6868448853492737,0.614811897277832,-0.09503985196352005
1,5,0.6354130506515503,0.5855310559272766,-0.03893572837114334
1,6,0.5764104127883911,0.5137007832527161,-0.07343199849128723
1,7,0.543592631816864,0.4718624949455261,-0.09446443617343903
1,8,0.5163596868515015,0.433752179145813,-0.10903678834438324
1,9,0.6780745983123779,0.5640354752540588,-0.042510416358709335
1,10,0.6676580905914307,0.5425878167152405,-0.09206563979387283
1,11,0.6874409317970276,0.6184206008911133,-0.10135316848754883
1,12,0.6963171362876892,0.6537787318229675,-0.09740465879440308
1,13,0.7212768793106079,0.5575696229934692,-0.049786634743213654
1,14,0.7172114849090576,0.546704888343811,-0.09198389947414398
1,15,0.7259241938591003,0.6181167364120483,-0.07964515686035156
1,16,0.7275360226631165,0.6456483006477356,-0.06140171363949776
1,17,0.7622825503349304,0.5636591911315918,-0.06035272404551506
1,18,0.7604297995567322,0.5483020544052124,-0.08392798900604248
1,19,0.758800745010376,0.6015495657920837,-0.07204815745353699
1,20,0.7555910348892212,0.6231430768966675,-0.05714629590511322
1,0,0.761466383934021,0.7393375039100647,-2.1243845083063206e-07
1,1,0.7122899293899536,0.7387473583221436,-0.02917659282684326
1,2,0.664339005947113,0.708926796913147,-0.05110332369804382
1,3,0.6643419861793518,0.656907856464386,-0.07287324219942093
1,4,0.6871641874313354,0.6136614084243774,-0.09316287189722061
1,5,0.6357265710830688,0.5846263766288757,-0.03855550289154053
1,6,0.5768178701400757,0.5127230286598206,-0.07195628434419632
1,7,0.5442266464233398,0.471241295337677,-0.09269237518310547
1,8,0.5169828534126282,0.4335358440876007,-0.10714293271303177
1,9,0.6785905361175537,0.5641753673553467,-0.04193461313843727
1,10,0.6697536706924438,0.5424464344978333,-0.09070759266614914
1,11,0.68870609998703,0.6177310943603516,-0.100612573325634
1,12,0.6975759267807007,0.6551414132118225,-0.09731487929821014
1,13,0.7216460704803467,0.5585086941719055,-0.04884383827447891
1,14,0.7181353569030762,0.545324981212616,-0.09049703925848007
1,15,0.7259612679481506,0.6165010333061218,-0.0791487842798233
1,16,0.7276604771614075,0.646651566028595,-0.06161756440997124
1,17,0.7622367143630981,0.5647878646850586,-0.05892636626958847
1,18,0.7610016465187073,0.5461591482162476,-0.08213771134614944
1,19,0.7589293718338013,0.5983968377113342,-0.07058084011077881
1,20,0.7558181285858154,0.6217387318611145,-0.055912550538778305
1,0,0.7617947459220886,0.7394401431083679,-2.2062451421334117e-07
1,1,0.7134130001068115,0.7391023635864258,-0.029704254120588303
1,2,0.6649779677391052,0.7090264558792114,-0.05176806077361107
1,3,0.6649302840232849,0.6567307710647583,-0.07353484630584717
1,4,0.6876936554908752,0.6130080819129944,-0.09372841566801071
1,5,0.6357894539833069,0.5841028094291687,-0.038918256759643555
1,6,0.5766302943229675,0.5124946236610413,-0.0726158618927002
1,7,0.5440661311149597,0.47109299898147583,-0.09329085052013397
1,8,0.5170780420303345,0.4331168234348297,-0.10772702097892761
1,9,0.6785037517547607,0.5624015927314758,-0.04204775020480156
1,10,0.6706461906433105,0.5421723127365112,-0.09142626821994781
1,11,0.6894444823265076,0.6181213855743408,-0.10128723829984665
1,12,0.6976706981658936,0.6547943949699402,-0.09773468226194382
1,13,0.7214735746383667,0.5562222599983215,-0.048805221915245056
1,14,0.7192547917366028,0.5474337339401245,-0.09094152599573135
1,15,0.7267240285873413,0.6190363168716431,-0.0797223150730133
1,16,0.7274699211120605,0.6471622586250305,-0.06220901757478714
1,17,0.7619635462760925,0.5620244741439819,-0.05881200358271599
1,18,0.7617588639259338,0.547726035118103,-0.08257006108760834
1,19,0.7594802975654602,0.6009194850921631,-0.07150580734014511
1,20,0.7554500102996826,0.6229780912399292,-0.057139139622449875
1,0,0.7622833847999573,0.7397397756576538,-2.267571233005583e-07
1,1,0.7133274078369141,0.7394742369651794,-0.02950751967728138
1,2,0.6648352146148682,0.7098850607872009,-0.05150293558835983
1,3,0.6646182537078857,0.6579523682594299,-0.07318972051143646
1,4,0.6887065172195435,0.6142215132713318,-0.09318279474973679
1,5,0.6356309652328491,0.5851625204086304,-0.038932863622903824
1,6,0.5768854022026062,0.5139678716659546,-0.07322607934474945
1,7,0.5443906784057617,0.4732047915458679,-0.0943220853805542
1,8,0.5173936486244202,0.4350501298904419,-0.10907132178544998
1,9,0.6781247854232788,0.563927412033081,-0.04206712916493416
1,10,0.6696951985359192,0.5431376099586487,-0.0910913497209549
1,11,0.6888707876205444,0.6188423037528992,-0.10043004155158997
1,12,0.6973720788955688,0.6536754369735718,-0.09678322076797485
1,13,0.7212652564048767,0.5580293536186218,-0.04890592768788338
1,14,0.7193339467048645,0.5485863089561462,-0.09029515832662582
1,15,0.7265560626983643,0.6193641424179077,-0.07847923040390015
1,16,0.7273290753364563,0.6458264589309692,-0.060870494693517685
1,17,0.7617725729942322,0.5646849274635315,-0.059105146676301956
1,18,0.7620236277580261,0.5495070219039917,-0.0822758823633194
1,19,0.7590494155883789,0.6023365259170532,-0.07109788805246353
1,20,0.754962682723999,0.6237160563468933,-0.05686891824007034
1,0,0.7401007413864136,0.8280688524246216,-8.935496964568301e-08
1,1,0.7019917964935303,0.776036262512207,-0.022430047392845154
1,2,0.6840084195137024,0.7065725326538086,-0.04071901738643646
1,3,0.7103690505027771,0.6630252599716187,-0.06104159727692604
1,4,0.7473177313804626,0.6431822776794434,-0.08079088479280472
1,5,0.7132668495178223,0.5996898412704468,-0.025352085009217262
1,6,0.7223484516143799,0.5000094175338745,-0.05162062495946884
1,7,0.7341135740280151,0.4378937780857086,-0.07003378123044968
1,8,0.7445340156555176,0.38679277896881104,-0.08359485864639282
1,9,0.7531600594520569,0.6139369010925293,-0.03167947381734848
1,10,0.7575376629829407,0.591890811920166,-0.07236818224191666
1,11,0.7417038083076477,0.6406733989715576,-0.08473462611436844
1,12,0.7321026921272278,0.67158043384552,-0.08519056439399719
1,13,0.7875080108642578,0.6412198543548584,-0.04100751504302025
1,14,0.7871682047843933,0.6331771016120911,-0.073574498295784
1,15,0.7686619758605957,0.6757068634033203,-0.06661912053823471
1,16,0.7586669325828552,0.6955925226211548,-0.054748643189668655
1,17,0.8187019228935242,0.6756964921951294,-0.05352310836315155
1,18,0.8186244368553162,0.6634008884429932,-0.06964153051376343
1,19,0.8000439405441284,0.6920011043548584,-0.05960161238908768
1,20,0.7894095778465271,0.7084697484970093,-0.04775671288371086
1,0,0.7417615652084351,0.8424356579780579,-1.7168630961350573e-07
1,1,0.7105128169059753,0.7759209871292114,-0.02582594007253647
1,2,0.7024120092391968,0.712185800075531,-0.040606994181871414
1,3,0.7354242205619812,0.6690657138824463,-0.05394381284713745
1,4,0.7767937183380127,0.6566381454467773,-0.06428001821041107
1,5,0.7464550733566284,0.6110273003578186,-0.033421825617551804
1,6,0.7623437643051147,0.5033771991729736,-0.06767840683460236
1,7,0.7762767672538757,0.4422626793384552,-0.0938495472073555
1,8,0.7904718518257141,0.3903065025806427,-0.11183284968137741
1,9,0.7791528701782227,0.6418166160583496,-0.0352812260389328
1,10,0.7967073321342468,0.5934165716171265,-0.07591867446899414
1,11,0.7716160416603088,0.6537547707557678,-0.08728457987308502
1,12,0.7532171607017517,0.695824146270752,-0.08749492466449738
1,13,0.8074216246604919,0.6769341230392456,-0.04071100056171417
1,14,0.8259986639022827,0.6469952464103699,-0.07162729650735855
1,15,0.7938700914382935,0.6966152787208557,-0.06322735548019409
1,16,0.7711694836616516,0.7283164262771606,-0.05013793706893921
1,17,0.8250678181648254,0.721380889415741,-0.04985981434583664
1,18,0.8440395593643188,0.6947808861732483,-0.06546357274055481
1,19,0.8159857988357544,0.7207561135292053,-0.05538160353899002
1,20,0.7936883568763733,0.74180006980896,-0.04330364242196083
1,0,0.7451592087745667,0.8436949849128723,-1.1114617137764071e-07
1,1,0.7110305428504944,0.7785642147064209,-0.025156112387776375
1,2,0.7020554542541504,0.7129932045936584,-0.04036864638328552
1,3,0.738054633140564,0.6711122989654541,-0.0546574704349041
1,4,0.7792232036590576,0.6605731844902039,-0.0664554163813591
1,5,0.744873046875,0.6133355498313904,-0.033874254673719406
1,6,0.761080801486969,0.5043721795082092,-0.06551780551671982
1,7,0.7746698260307312,0.4437086582183838,-0.0883440151810646
1,8,0.7878162264823914,0.3911820650100708,-0.10435403883457184
1,9,0.7796024680137634,0.6421241760253906,-0.036633264273405075
1,10,0.7942779660224915,0.5854917764663696,-0.0764671117067337
1,11,0.7711731791496277,0.6386682391166687,-0.08686782419681549
1,12,0.753819465637207,0.6781656742095947,-0.08620011061429977
1,13,0.8080953359603882,0.6765574216842651,-0.04249972850084305
1,14,0.8206461668014526,0.6477936506271362,-0.07318834960460663
1,15,0.790772557258606,0.6976286172866821,-0.06347420811653137
1,16,0.7704669237136841,0.7301024794578552,-0.04920504242181778
1,17,0.8260682821273804,0.7207062244415283,-0.052045632153749466
1,18,0.8388933539390564,0.6963062882423401,-0.06743506342172623
1,19,0.8130411505699158,0.7229013442993164,-0.05664784088730812
1,20,0.794110894203186,0.7438621520996094,-0.04407305270433426
1,0,0.8430522680282593,0.8956997394561768,3.237936496702787e-08
1,1,0.8207082152366638,0.8190009593963623,-0.0177341029047966
1,2,0.8250523209571838,0.7464920282363892,-0.031051352620124817
1,3,0.8530007004737854,0.7026078104972839,-0.044782061129808426
1,4,0.8757986426353455,0.6904515027999878,-0.05700366944074631
1,5,0.8248938322067261,0.6665887236595154,-0.018536824733018875
1,6,0.8242106437683105,0.5776768326759338,-0.03889131173491478
1,7,0.8280903100967407,0.5167171359062195,-0.0550060048699379
1,8,0.8285525441169739,0.46560198068618774,-0.06679007411003113
1,9,0.8512733578681946,0.6928647756576538,-0.024516863748431206
1,10,0.8691242337226868,0.6500532627105713,-0.05590541660785675
1,11,0.8662837743759155,0.6866742372512817,-0.06829971820116043
1,12,0.8560889959335327,0.7196287512779236,-0.0699908435344696
1,13,0.8726889491081238,0.7296664118766785,-0.03240654245018959
1,14,0.8900752067565918,0.7002859711647034,-0.05810762569308281
1,15,0.8823422193527222,0.73056560754776,-0.055458832532167435
1,16,0.8688268661499023,0.7555614113807678,-0.04695959761738777
1,17,0.8876572847366333,0.7727290391921997,-0.04244072735309601
1,18,0.9017821550369263,0.7463997602462769,-0.052195191383361816
1,19,0.8944197297096252,0.7650224566459656,-0.04306071624159813
1,20,0.8827835321426392,0.7835871577262878,-0.03302915021777153
1,0,0.8659440875053406,0.8894605040550232,3.313238039481803e-08
1,1,0.8297508955001831,0.8375335931777954,-0.029064713045954704
1,2,0.8218823671340942,0.7788031101226807,-0.04924461990594864
1,3,0.8531680703163147,0.7396942377090454,-0.06834900379180908
1,4,0.8874349594116211,0.7150647640228271,-0.0859941691160202
1,5,0.8327107429504395,0.6783077120780945,-0.032646194100379944
1,6,0.8260188102722168,0.5803127288818359,-0.05852755159139633
1,7,0.8280933499336243,0.5185876488685608,-0.0750451534986496
1,8,0.8297829627990723,0.468372106552124,-0.08656661212444305
1,9,0.8742662668228149,0.6921776533126831,-0.03394002467393875
1,10,0.8903690576553345,0.6527860760688782,-0.07165791094303131
1,11,0.8846877217292786,0.702256977558136,-0.08112607896327972
1,12,0.875113844871521,0.7375780940055847,-0.07980447262525558
1,13,0.9079992771148682,0.7220324873924255,-0.03841789811849594
1,14,0.9168952703475952,0.6986783146858215,-0.07087898999452591
1,15,0.9036656022071838,0.7413783669471741,-0.06337898224592209
1,16,0.8916544914245605,0.766136646270752,-0.05069604888558388
1,17,0.9330809712409973,0.7613967061042786,-0.04579027742147446
1,18,0.9414522051811218,0.7382051348686218,-0.062145426869392395
1,19,0.9269298911094666,0.7650179266929626,-0.051953718066215515
1,20,0.9142781496047974,0.7827656269073486,-0.04024704545736313
1,0,0.8677772283554077,0.8914298415184021,1.3296329370859894e-08
1,1,0.8327913284301758,0.8398386836051941,-0.03133738413453102
1,2,0.8222278356552124,0.7834295630455017,-0.052305061370134354
1,3,0.8515298366546631,0.7427498698234558,-0.07214014232158661
1,4,0.8871835470199585,0.7187359929084778,-0.09033595770597458
1,5,0.8336235880851746,0.6795050501823425,-0.032641660422086716
1,6,0.8275363445281982,0.5800015926361084,-0.05929631367325783
1,7,0.8290440440177917,0.5182830095291138,-0.07601901143789291
1,8,0.8304595351219177,0.4675786793231964,-0.08774112910032272
1,9,0.8762276768684387,0.6922525763511658,-0.032730355858802795
1,10,0.8865268230438232,0.6511716246604919,-0.07144304364919662
1,11,0.8819569945335388,0.7037848234176636,-0.08058945834636688
1,12,0.8765308856964111,0.7406646609306335,-0.07860080897808075
1,13,0.9119622707366943,0.7202792167663574,-0.036488547921180725
1,14,0.9166926145553589,0.6946884989738464,-0.06941263377666473
1,15,0.9045034050941467,0.7398820519447327,-0.061083752661943436
1,16,0.8955205082893372,0.7662304639816284,-0.047413069754838943
1,17,0.9401964545249939,0.7575241327285767,-0.04355468600988388
1,18,0.9449447393417358,0.7317840456962585,-0.060412582010030746
1,19,0.9303522109985352,0.7589620351791382,-0.05044781044125557
1,20,0.9195061922073364,0.7771117091178894,-0.03855111822485924
1,0,0.8659645915031433,0.8996451497077942,3.040141649535144e-08
1,1,0.8317416906356812,0.8532726168632507,-0.03522111847996712
1,2,0.8159737586975098,0.7921288013458252,-0.05547969788312912
1,3,0.8444455862045288,0.744096040725708,-0.0738530308008194
1,4,0.8821225762367249,0.7129133939743042,-0.08972598612308502
1,5,0.8246846199035645,0.6833289861679077,-0.02963913232088089
1,6,0.8180916905403137,0.5819811820983887,-0.05582461878657341
1,7,0.8210675716400146,0.5186664462089539,-0.07144258916378021
1,8,0.822908878326416,0.46538645029067993,-0.08216012269258499
1,9,0.863674521446228,0.6934188008308411,-0.028161784633994102
1,10,0.877204179763794,0.6466580033302307,-0.0685020312666893
1,11,0.8745302557945251,0.7015557885169983,-0.07763834297657013
1,12,0.86752849817276,0.7394551634788513,-0.07401580363512039
1,13,0.8964548110961914,0.7175154685974121,-0.03126641735434532
1,14,0.9067373275756836,0.6977967023849487,-0.06752924621105194
1,15,0.8953949213027954,0.7484349608421326,-0.060814306139945984
1,16,0.8839465379714966,0.7714788913726807,-0.04648742079734802
1,17,0.9224134087562561,0.7512485384941101,-0.037947941571474075
1,18,0.9325367212295532,0.7295210361480713,-0.05666284263134003
1,19,0.9187275767326355,0.7629168033599854,-0.047856397926807404
1,20,0.9049357175827026,0.7795234322547913,-0.03616999089717865
1,0,0.861229419708252,0.8860981464385986,-1.5520315699291132e-08
1,1,0.8285379409790039,0.8409420847892761,-0.033598169684410095
1,2,0.8155562877655029,0.7834294438362122,-0.0543527789413929
1,3,0.8446453213691711,0.7404335737228394,-0.07352431118488312
1,4,0.8814120292663574,0.7088457345962524,-0.09044873714447021
1,5,0.8228676915168762,0.6701738238334656,-0.032170698046684265
1,6,0.8172354698181152,0.569729208946228,-0.059767089784145355
1,7,0.8211677074432373,0.5106501579284668,-0.07616320252418518
1,8,0.8234785795211792,0.4600052237510681,-0.08759693801403046
1,9,0.8621914982795715,0.6815873980522156,-0.031079614534974098
1,10,0.8783589005470276,0.649188220500946,-0.07254844158887863
1,11,0.8731968402862549,0.710030198097229,-0.08114217221736908
1,12,0.8623098731040955,0.7432624101638794,-0.07792674750089645
1,13,0.8955074548721313,0.7071070075035095,-0.03429430350661278
1,14,0.9070481657981873,0.6980350613594055,-0.07114918529987335
1,15,0.8931635022163391,0.7523528933525085,-0.0642322301864624
1,16,0.8776336312294006,0.7707218527793884,-0.05071098357439041
1,17,0.9213106632232666,0.7424259185791016,-0.04089026153087616
1,18,0.9325469136238098,0.7337703108787537,-0.06147129088640213
1,19,0.9156390428543091,0.77059406042099,-0.05400785058736801
1,20,0.8976773619651794,0.7829471230506897,-0.04339776933193207
1,0,0.8626765012741089,0.890961766242981,-2.6898248961515492e-08
1,1,0.8287248611450195,0.8445586562156677,-0.03787003457546234
1,2,0.8151739835739136,0.7834510803222656,-0.05965213477611542
1,3,0.8456078171730042,0.7356569766998291,-0.07936180382966995
1,4,0.8824765682220459,0.7007976770401001,-0.09644758701324463
1,5,0.823138952255249,0.6696771383285522,-0.03242144361138344
1,6,0.8188585042953491,0.5707454085350037,-0.061238519847393036
1,7,0.8218566179275513,0.5107200145721436,-0.07812047749757767
1,8,0.8240336179733276,0.4594099819660187,-0.0895359143614769
1,9,0.8645601272583008,0.6811659932136536,-0.029490914195775986
1,10,0.8821820616722107,0.6511242985725403,-0.07355667650699615
1,11,0.873419463634491,0.7103250026702881,-0.0828055590391159
1,12,0.8624054789543152,0.7436473965644836,-0.07872644811868668
1,13,0.8995072841644287,0.7066911458969116,-0.03159674257040024
1,14,0.9094937443733215,0.701407253742218,-0.07100152224302292
1,15,0.8924391865730286,0.7536143064498901,-0.06474175304174423
1,16,0.8790484070777893,0.7707222700119019,-0.05044887214899063
1,17,0.9256937503814697,0.740442156791687,-0.03752583637833595
1,18,0.9340677261352539,0.7371952533721924,-0.06003015115857124
1,19,0.9141696691513062,0.7733166813850403,-0.05383119359612465
1,20,0.8974770903587341,0.7837238907814026,-0.043218158185482025
1,0,0.8233374953269958,0.6324015855789185,-3.564670691957872e-08
1,1,0.7833686470985413,0.58348548412323,-0.01607549376785755
1,2,0.7639976143836975,0.5188709497451782,-0.02887331135571003
1,3,0.7811586260795593,0.4591195285320282,-0.04308618977665901
1,4,0.8085339069366455,0.42206263542175293,-0.05580740049481392
1,5,0.7726359367370605,0.41809290647506714,-0.016659876331686974
1,6,0.7620517015457153,0.319731205701828,-0.04242166504263878
1,7,0.7608771920204163,0.2613745927810669,-0.061863649636507034
1,8,0.7606925368309021,0.2112729847431183,-0.075461246073246
1,9,0.811369776725769,0.4287097752094269,-0.022139810025691986
1,10,0.8158823847770691,0.3804137110710144,-0.06230699643492699
1,11,0.8106294870376587,0.44874733686447144,-0.07287324965000153
1,12,0.8049042820930481,0.49789339303970337,-0.0704861730337143
1,13,0.8466241955757141,0.4472169578075409,-0.02991865947842598
1,14,0.8511377573013306,0.4116559624671936,-0.061323851346969604
1,15,0.8375924825668335,0.4721738398075104,-0.05016971379518509
1,16,0.8298023343086243,0.5133864283561707,-0.0339408740401268
1,17,0.8768078088760376,0.47524043917655945,-0.03997040539979935
1,18,0.8809676766395569,0.4478885531425476,-0.05543369799852371
1,19,0.8641752600669861,0.4884818196296692,-0.04262908175587654
1,20,0.8546050786972046,0.5166858434677124,-0.0277866143733263
1,0,0.5119431614875793,0.6458373069763184,-1.4528313840855844e-07
1,1,0.4672105014324188,0.6064357757568359,-0.015087835490703583
1,2,0.42987361550331116,0.5470637679100037,-0.029666680842638016
1,3,0.41821956634521484,0.4895417094230652,-0.04711075499653816
1,4,0.439352422952652,0.45607441663742065,-0.06475313007831573
1,5,0.4725046455860138,0.43723607063293457,-0.012542984448373318
1,6,0.46662014722824097,0.3460662066936493,-0.036629512906074524
1,7,0.4613954722881317,0.2876571714878082,-0.05308503657579422
1,8,0.45582252740859985,0.24095936119556427,-0.06524612754583359
1,9,0.5092400908470154,0.4414854645729065,-0.020649559795856476
1,10,0.47084373235702515,0.4096599519252777,-0.06174149364233017
1,11,0.45594215393066406,0.469736248254776,-0.07155997306108475
1,12,0.4548940062522888,0.5152214169502258,-0.06839139759540558
1,13,0.5418188571929932,0.45839056372642517,-0.03189415857195854
1,14,0.5015002489089966,0.4394470751285553,-0.06718975305557251
1,15,0.4902176856994629,0.4946436583995819,-0.05823904275894165
1,16,0.490804523229599,0.5321637988090515,-0.0424613431096077
1,17,0.5750545859336853,0.4854792654514313,-0.045137763023376465
1,18,0.533696174621582,0.47265467047691345,-0.06493198126554489
1,19,0.52085280418396,0.5095577836036682,-0.05625667795538902
1,20,0.5231585502624512,0.5339899063110352,-0.04372887313365936
1,0,0.4726880192756653,0.6380465626716614,-2.3693736750374228e-07
1,1,0.428638219833374,0.6006813049316406,-0.024468692019581795
1,2,0.39344522356987,0.5414804220199585,-0.04605681449174881
1,3,0.37936973571777344,0.48711520433425903,-0.06957260519266129
1,4,0.396973580121994,0.44817331433296204,-0.09238019585609436
1,5,0.43443986773490906,0.42134711146354675,-0.02408842369914055
1,6,0.42368143796920776,0.32803043723106384,-0.05538521334528923
1,7,0.41531795263290405,0.2696381211280823,-0.07413773983716965
1,8,0.4089301824569702,0.2213137447834015,-0.08688759803771973
1,9,0.47166258096694946,0.4265121817588806,-0.03082495927810669
1,10,0.42998290061950684,0.39185869693756104,-0.08284711837768555
1,11,0.4102522134780884,0.4629448652267456,-0.09417837113142014
1,12,0.40736180543899536,0.5138437747955322,-0.08880936354398727
1,13,0.5044505596160889,0.4437468647956848,-0.04165588319301605
1,14,0.4574291408061981,0.4312411844730377,-0.08788067102432251
1,15,0.4463711678981781,0.4990718364715576,-0.07858343422412872
1,16,0.4499061405658722,0.5386601090431213,-0.059466950595378876
1,17,0.535588264465332,0.4704700708389282,-0.054982732981443405
1,18,0.4906608462333679,0.46209055185317993,-0.08083465695381165
1,19,0.482428640127182,0.5064470171928406,-0.07148899883031845
1,20,0.4901743531227112,0.5299088954925537,-0.05675758048892021
1,0,0.4708199203014374,0.6380559206008911,-2.45852959324111e-07
1,1,0.4276546537876129,0.600375235080719,-0.02458200603723526
1,2,0.3926381766796112,0.5418233275413513,-0.04623190313577652
1,3,0.37921079993247986,0.4891100823879242,-0.06970246136188507
1,4,0.3942200839519501,0.44986510276794434,-0.092435821890831
1,5,0.43456780910491943,0.41952335834503174,-0.02475130185484886
1,6,0.42414426803588867,0.3266162872314453,-0.05569656193256378
1,7,0.41552767157554626,0.2679591774940491,-0.07397456467151642
1,8,0.4090103209018707,0.22035937011241913,-0.08634606748819351
1,9,0.47244980931282043,0.4252338409423828,-0.03149058297276497
1,10,0.43056580424308777,0.39251548051834106,-0.0831504836678505
1,11,0.40916845202445984,0.4650229513645172,-0.09360931813716888
1,12,0.4059261083602905,0.5170999765396118,-0.08775246143341064
1,13,0.5051243305206299,0.44338640570640564,-0.042426690459251404
1,14,0.4577957093715668,0.43109428882598877,-0.08860621601343155
1,15,0.44481056928634644,0.4987843334674835,-0.07910360395908356
1,16,0.4476282298564911,0.5392329692840576,-0.06002084165811539
1,17,0.5361009836196899,0.4711390435695648,-0.05584504082798958
1,18,0.490835040807724,0.46213608980178833,-0.08221761137247086
1,19,0.4809170365333557,0.506359875202179,-0.07303990423679352
1,20,0.4878910183906555,0.5308253765106201,-0.058409009128808975
1,0,0.4710610806941986,0.637719988822937,-2.5361819666613883e-07
1,1,0.42728668451309204,0.6010875105857849,-0.02476499229669571
1,2,0.39146876335144043,0.5409387350082397,-0.04649439826607704
1,3,0.3794322609901428,0.4849994480609894,-0.07005419582128525
1,4,0.3989679217338562,0.44312795996665955,-0.09268192201852798
1,5,0.43300512433052063,0.4194600582122803,-0.024566922336816788
1,6,0.4227850139141083,0.32403087615966797,-0.05612577125430107
1,7,0.4143857955932617,0.2656421661376953,-0.07431955635547638
1,8,0.40765148401260376,0.21948496997356415,-0.08640490472316742
1,9,0.47124621272087097,0.4247909486293793,-0.031041787937283516
1,10,0.4287605285644531,0.3925732672214508,-0.08313382416963577
1,11,0.4087161123752594,0.4659455418586731,-0.09340190142393112
1,12,0.4062609076499939,0.5173067450523376,-0.08725713938474655
1,13,0.5045337677001953,0.442426860332489,-0.04183131828904152
1,14,0.4571181833744049,0.43080049753189087,-0.08833901584148407
1,15,0.4446498453617096,0.49905866384506226,-0.07842810451984406
1,16,0.4476928114891052,0.5384769439697266,-0.058979351073503494
1,17,0.5360158085823059,0.4697628319263458,-0.055142831057310104
1,18,0.49060603976249695,0.46165212988853455,-0.08168178796768188
1,19,0.4806594252586365,0.5067126750946045,-0.07240397483110428
1,20,0.4876459836959839,0.5309203863143921,-0.057576846331357956
1,0,0.4714997112751007,0.6380878686904907,-2.559018810188718e-07
1,1,0.42724481225013733,0.6012129187583923,-0.02615361474454403
1,2,0.390541672706604,0.5406432747840881,-0.048691485077142715
1,3,0.3781767189502716,0.4837742745876312,-0.07284848392009735
1,4,0.39930641651153564,0.44012802839279175,-0.09596042335033417
1,5,0.43231138586997986,0.41972026228904724,-0.025493506342172623
1,6,0.42233672738075256,0.3246575891971588,-0.05832284316420555
1,7,0.41400182247161865,0.2674691379070282,-0.07749178260564804
1,8,0.4069500267505646,0.22150912880897522,-0.0901414006948471
1,9,0.4706607162952423,0.42446157336235046,-0.03160418942570686
1,10,0.42724260687828064,0.39090466499328613,-0.08523469418287277
1,11,0.4079894721508026,0.4650278687477112,-0.09632758051156998
1,12,0.40579408407211304,0.516197681427002,-0.0904117226600647
1,13,0.5043443441390991,0.4415414035320282,-0.04223747178912163
1,14,0.4563116729259491,0.4306635558605194,-0.09020765870809555
1,15,0.44456052780151367,0.49966198205947876,-0.08068511635065079
1,16,0.44775164127349854,0.5386273264884949,-0.06099189072847366
1,17,0.5361952781677246,0.468042254447937,-0.055497586727142334
1,18,0.49023163318634033,0.4601851999759674,-0.08260685205459595
1,19,0.48095622658729553,0.5056023001670837,-0.07350126653909683
1,20,0.48813867568969727,0.5291905403137207,-0.058607276529073715
1,0,0.33851349353790283,0.8045911192893982,-6.403299153134867e-07
1,1,0.29449236392974854,0.7562466859817505,-0.011956518515944481
1,2,0.26096999645233154,0.7061727046966553,-0.03006894886493683
1,3,0.23990780115127563,0.6721952557563782,-0.050902239978313446
1,4,0.23782017827033997,0.6537694334983826,-0.07103003561496735
1,5,0.3291240632534027,0.5849621891975403,-0.009372408501803875
1,6,0.2872452139854431,0.5605102181434631,-0.04063745588064194
1,7,0.26162612438201904,0.6061218976974487,-0.06585785001516342
1,8,0.2544971704483032,0.6514248251914978,-0.07949571311473846
1,9,0.3564780056476593,0.5923592448234558,-0.01808626763522625
1,10,0.29473844170570374,0.591819703578949,-0.04733753204345703
1,11,0.2724606394767761,0.6489502787590027,-0.061997879296541214
1,12,0.2704310715198517,0.6959602236747742,-0.06659261882305145
1,13,0.37800705432891846,0.6150897145271301,-0.030002109706401825
1,14,0.3111085891723633,0.6209515333175659,-0.05597817152738571
1,15,0.29429423809051514,0.6769980192184448,-0.05404237285256386
1,16,0.29514169692993164,0.7200421094894409,-0.0464191734790802
1,17,0.3953467309474945,0.6485030055046082,-0.04345512390136719
1,18,0.33594393730163574,0.6536822319030762,-0.05971908196806908
1,19,0.3212437629699707,0.6944984793663025,-0.05291043967008591
1,20,0.3240019679069519,0.7256969809532166,-0.042009904980659485
1,0,0.3387191891670227,0.8453683257102966,-2.3178695585102105e-07
1,1,0.27101245522499084,0.8090372085571289,-0.019184153527021408
1,2,0.22987745702266693,0.7665842771530151,-0.04115404933691025
1,3,0.2053169459104538,0.7303616404533386,-0.06546416133642197
1,4,0.2124723643064499,0.7024916410446167,-0.08946645259857178
1,5,0.2863221764564514,0.6271048188209534,-0.025250699371099472
1,6,0.2660466134548187,0.5389043688774109,-0.05358491465449333
1,7,0.25166013836860657,0.4821701645851135,-0.07179448008537292
1,8,0.24012964963912964,0.4351308345794678,-0.08530257642269135
1,9,0.3215477168560028,0.631460428237915,-0.03334248811006546
1,10,0.2431412786245346,0.6347643733024597,-0.07717540860176086
1,11,0.23051026463508606,0.7010996341705322,-0.08681949228048325
1,12,0.24170175194740295,0.7417566776275635,-0.08455388993024826
1,13,0.34541672468185425,0.6552106142044067,-0.044335201382637024
1,14,0.26346656680107117,0.6792482733726501,-0.08215425908565521
1,15,0.26024913787841797,0.7389768958091736,-0.07142727077007294
1,16,0.2738751173019409,0.7695146799087524,-0.05541731417179108
1,17,0.3612228035926819,0.6914636492729187,-0.05800808593630791
1,18,0.2960154414176941,0.7146731615066528,-0.08053550869226456
1,19,0.28799381852149963,0.7554636001586914,-0.07172194123268127
1,20,0.29676353931427,0.7754836082458496,-0.05881068482995033
1,0,0.33866262435913086,0.8434783220291138,-2.337788913564509e-07
1,1,0.2721511125564575,0.8081459999084473,-0.018236080184578896
1,2,0.23057328164577484,0.7634710669517517,-0.040015678852796555
1,3,0.20715531706809998,0.7209802865982056,-0.06423346698284149
1,4,0.21748998761177063,0.7047094106674194,-0.08825327455997467
1,5,0.287216454744339,0.6241803765296936,-0.02544206939637661
1,6,0.26695090532302856,0.5354729890823364,-0.05369105935096741
1,7,0.25319918990135193,0.4781208336353302,-0.07201074063777924
1,8,0.24214081466197968,0.43012696504592896,-0.08648594468832016
1,9,0.32367873191833496,0.6282073259353638,-0.034100595861673355
1,10,0.24413251876831055,0.6329838037490845,-0.07676376402378082
1,11,0.23516196012496948,0.7012746334075928,-0.08409497886896133
1,12,0.2500835657119751,0.7384638786315918,-0.08092678338289261
1,13,0.3484131395816803,0.6528744697570801,-0.045775607228279114
1,14,0.26644861698150635,0.6778322458267212,-0.08193933963775635
1,15,0.26395663619041443,0.7360761165618896,-0.06941961497068405
1,16,0.2801986634731293,0.7622251510620117,-0.05308962240815163
1,17,0.364504337310791,0.690685510635376,-0.06038675457239151
1,18,0.29860278964042664,0.7137400507926941,-0.08212210983037949
1,19,0.28964078426361084,0.7537150382995605,-0.0736173540353775
1,20,0.2997497320175171,0.7712510824203491,-0.061719294637441635
1,0,0.3388192653656006,0.8455390930175781,-2.4441146706521977e-07
1,1,0.2714364528656006,0.8103522658348083,-0.01839338429272175
1,2,0.22973617911338806,0.7635840177536011,-0.03927578404545784
1,3,0.20554035902023315,0.7225083112716675,-0.06261514872312546
1,4,0.21844054758548737,0.6999416351318359,-0.08550544828176498
1,5,0.28745055198669434,0.623881995677948,-0.02420472726225853
1,6,0.2686425447463989,0.5337251424789429,-0.05265252664685249
1,7,0.2551964223384857,0.47588926553726196,-0.07076263427734375
1,8,0.24409371614456177,0.42888927459716797,-0.08459147810935974
1,9,0.3234899640083313,0.6277697086334229,-0.03274510055780411
1,10,0.2466275840997696,0.6341416835784912,-0.07578988373279572
1,11,0.23647429049015045,0.7019873857498169,-0.08379648625850677
1,12,0.24969810247421265,0.7384776473045349,-0.08062293380498886
1,13,0.3484688401222229,0.6529382467269897,-0.04435792192816734
1,14,0.2688343822956085,0.6796216368675232,-0.0808589830994606
1,15,0.2659928798675537,0.7373660802841187,-0.0688476637005806
1,16,0.2809849977493286,0.7607953548431396,-0.05251699313521385
1,17,0.3650549054145813,0.6914135813713074,-0.0588575042784214
1,18,0.301398366689682,0.7163482904434204,-0.08035395294427872
1,19,0.29309213161468506,0.7555969953536987,-0.07120712101459503
1,20,0.30311915278434753,0.7710989713668823,-0.05845339968800545
1,0,0.33982905745506287,0.8467909693717957,-2.566632701928029e-07
1,1,0.27199071645736694,0.8112794160842896,-0.018615715205669403
1,2,0.22956790030002594,0.7644344568252563,-0.0397653803229332
1,3,0.2044573575258255,0.7225080728530884,-0.0634181872010231
1,4,0.21804043650627136,0.7011903524398804,-0.08659271150827408
1,5,0.2876416742801666,0.6237429976463318,-0.02406262792646885
1,6,0.26846569776535034,0.533804178237915,-0.05278275907039642
1,7,0.25446179509162903,0.4759092926979065,-0.0709734559059143
1,8,0.24304437637329102,0.42883121967315674,-0.08487372100353241
1,9,0.32367071509361267,0.627592921257019,-0.032547835260629654
1,10,0.2461501657962799,0.633845329284668,-0.07612957805395126
1,11,0.23605182766914368,0.7027473449707031,-0.08404464274644852
1,12,0.24946638941764832,0.7397101521492004,-0.08061082661151886
1,13,0.3486584424972534,0.652427613735199,-0.04418249428272247
1,14,0.2684449255466461,0.679546594619751,-0.08105860650539398
1,15,0.26557672023773193,0.7383896112442017,-0.06892910599708557
1,16,0.28068462014198303,0.7622646689414978,-0.052350182086229324
1,17,0.3652321994304657,0.6905922889709473,-0.058761242777109146
1,18,0.3011827766895294,0.7164145112037659,-0.08027888089418411
1,19,0.2926250398159027,0.756304144859314,-0.07124622911214828
1,20,0.302589476108551,0.7720252275466919,-0.05855155736207962
1,0,0.29762038588523865,0.7442877292633057,-1.0395826421927268e-07
1,1,0.24861891567707062,0.7113985419273376,-0.013891872018575668
1,2,0.21178942918777466,0.6664591431617737,-0.026244768872857094
1,3,0.19032025337219238,0.6342774629592896,-0.04175744950771332
1,4,0.18358799815177917,0.6042641401290894,-0.05798858776688576
1,5,0.2471364289522171,0.548526406288147,-0.010845870710909367
1,6,0.237949401140213,0.45920610427856445,-0.03200235962867737
1,7,0.22804614901542664,0.4021708369255066,-0.04849550500512123
1,8,0.2204425036907196,0.3563535213470459,-0.06021164730191231
1,9,0.2709493339061737,0.5553576350212097,-0.018225988373160362
1,10,0.23008674383163452,0.5348859429359436,-0.05766032263636589
1,11,0.21696960926055908,0.5916593670845032,-0.07334928959608078
1,12,0.22119653224945068,0.6434440612792969,-0.07386020570993423
1,13,0.2911495566368103,0.5730236172676086,-0.027662158012390137
1,14,0.2459377944469452,0.5628154873847961,-0.06388185918331146
1,15,0.23697049915790558,0.6162535548210144,-0.06346773356199265
1,16,0.24367797374725342,0.6621115207672119,-0.051706135272979736
1,17,0.3110281229019165,0.5988836288452148,-0.0381522998213768
1,18,0.26763397455215454,0.5959874987602234,-0.06181911751627922
1,19,0.2565021216869354,0.6323321461677551,-0.05759185925126076
1,20,0.26165109872817993,0.6637543439865112,-0.046123895794153214
1,0,0.24769142270088196,0.6678091287612915,-2.7338683139532804e-07
1,1,0.1893816739320755,0.616973876953125,-0.01698094606399536
1,2,0.15290094912052155,0.5615909099578857,-0.037890221923589706
1,3,0.13134485483169556,0.5105185508728027,-0.06195725128054619
1,4,0.14656712114810944,0.48767349123954773,-0.08532051742076874
1,5,0.22746530175209045,0.43941399455070496,-0.017650900408625603
1,6,0.22053363919258118,0.347697913646698,-0.04632282629609108
1,7,0.2141437530517578,0.2887766361236572,-0.06499185413122177
1,8,0.2099754512310028,0.23892979323863983,-0.07908748835325241
1,9,0.2584761381149292,0.4477806091308594,-0.026301102712750435
1,10,0.183954656124115,0.42786675691604614,-0.07184785604476929
1,11,0.168327197432518,0.4956846237182617,-0.08176808059215546
1,12,0.17817382514476776,0.5380756855010986,-0.07846347987651825
1,13,0.27986228466033936,0.46874433755874634,-0.038152750581502914
1,14,0.19955846667289734,0.46920856833457947,-0.07694442570209503
1,15,0.1930025964975357,0.5315189957618713,-0.06611213833093643
1,16,0.20635847747325897,0.5647885799407959,-0.04901183024048805
1,17,0.2940157651901245,0.5027608275413513,-0.05264582112431526
1,18,0.22658786177635193,0.5088182687759399,-0.0755416601896286
1,19,0.2204112708568573,0.5506705641746521,-0.06746171414852142
1,20,0.23438718914985657,0.5722190141677856,-0.05454783886671066
1,0,0.3133774697780609,0.7177738547325134,-1.9011585550288146e-07
1,1,0.30433565378189087,0.6443193554878235,0.0072510275058448315
1,2,0.2845657765865326,0.5726239681243896,0.0022763018496334553
1,3,0.24868060648441315,0.5309364795684814,-0.007056768983602524
1,4,0.2131950855255127,0.523804247379303,-0.017683710902929306
1,5,0.30730152130126953,0.4953591823577881,-0.005136536899954081
1,6,0.2841159403324127,0.40481066703796387,-0.01915963552892208
1,7,0.26901012659072876,0.344692587852478,-0.02702752687036991
1,8,0.25841137766838074,0.2956520915031433,-0.03433087468147278
1,9,0.2969396114349365,0.502441942691803,-0.016669198870658875
1,10,0.21295852959156036,0.4856441617012024,-0.03538251295685768
1,11,0.2097940742969513,0.5276541709899902,-0.03340163826942444
1,12,0.2300957292318344,0.5471950173377991,-0.0306441280990839
1,13,0.2775615155696869,0.5251166820526123,-0.02797596901655197
1,14,0.20145897567272186,0.5282711982727051,-0.04157572239637375
1,15,0.20737820863723755,0.5674402713775635,-0.030228333547711372
1,16,0.22960013151168823,0.5785226225852966,-0.022645430639386177
1,17,0.25556281208992004,0.5535789728164673,-0.03982863202691078
1,18,0.19908437132835388,0.5655850172042847,-0.04965544864535332
1,19,0.20538562536239624,0.6029232740402222,-0.04325264319777489
1,20,0.22362060844898224,0.616875946521759,-0.03700225427746773
1,0,0.31579798460006714,0.7266460061073303,-1.1956645096233842e-07
1,1,0.32807254791259766,0.6508747935295105,0.013770973309874535
1,2,0.31546318531036377,0.5803945660591125,0.012301988899707794
1,3,0.2870086133480072,0.5438265800476074,0.006158144678920507
1,4,0.25217515230178833,0.5403797030448914,-0.002421774435788393
1,5,0.3199000656604767,0.5175357460975647,-0.006044145207852125
1,6,0.3042668104171753,0.42396119236946106,-0.01798398606479168
1,7,0.2934585511684418,0.3624064326286316,-0.024146059527993202
1,8,0.28496474027633667,0.31512314081192017,-0.029556062072515488
1,9,0.3016078472137451,0.5253389477729797,-0.018248146399855614
1,10,0.22921247780323029,0.5028648972511292,-0.03157634660601616
1,11,0.22311758995056152,0.5408329963684082,-0.02710060216486454
1,12,0.23879052698612213,0.557997465133667,-0.02315983548760414
1,13,0.27696454524993896,0.5478323698043823,-0.02891545370221138
1,14,0.21076920628547668,0.544066846370697,-0.03586237505078316
1,15,0.21381375193595886,0.5786662697792053,-0.023358454927802086
1,16,0.23214037716388702,0.5888803005218506,-0.015884723514318466
1,17,0.2532183527946472,0.5758252143859863,-0.03932832553982735
1,18,0.20372134447097778,0.579675018787384,-0.04337632656097412
1,19,0.20943070948123932,0.6118996739387512,-0.03455040976405144
1,20,0.22626613080501556,0.6241357922554016,-0.02699345350265503
1,0,0.3421725630760193,0.7693170309066772,7.763031817376032e-08
1,1,0.34932777285575867,0.6886816620826721,0.0035013172309845686
1,2,0.3234831988811493,0.6256939172744751,-0.00292194657959044
1,3,0.2819521427154541,0.609523594379425,-0.012126006186008453
1,4,0.245430126786232,0.6195721626281738,-0.023733096197247505
1,5,0.3078647553920746,0.5674028992652893,-0.019753804430365562
1,6,0.26744866371154785,0.477605402469635,-0.030691957101225853
1,7,0.24411624670028687,0.42161887884140015,-0.03637675940990448
1,8,0.22686751186847687,0.3794087767601013,-0.04137106612324715
1,9,0.277477502822876,0.5944536924362183,-0.027859769761562347
1,10,0.22375038266181946,0.5793818831443787,-0.038391366600990295
1,11,0.23038814961910248,0.6090468168258667,-0.03522998094558716
1,12,0.25125741958618164,0.6240059733390808,-0.03340350091457367
1,13,0.2510458528995514,0.635675847530365,-0.03451606631278992
1,14,0.2120988667011261,0.631849467754364,-0.039257630705833435
1,15,0.22149278223514557,0.6532178521156311,-0.029347097501158714
1,16,0.2391396462917328,0.6620399951934814,-0.02427918277680874
1,17,0.22885733842849731,0.6785656809806824,-0.04148918017745018
1,18,0.2077324539422989,0.6736617088317871,-0.0418197400867939
1,19,0.21868006885051727,0.692068338394165,-0.032221030443906784
1,20,0.23289626836776733,0.7022290229797363,-0.024974796921014786
1,0,0.37181252241134644,0.8215862512588501,6.686768472263793e-09
1,1,0.3833325505256653,0.7338452935218811,0.014462972991168499
1,2,0.3619534373283386,0.6726731657981873,0.01413639634847641
1,3,0.3362680673599243,0.6372957825660706,0.009057394228875637
1,4,0.31628942489624023,0.6227448582649231,0.0014109378680586815
1,5,0.3184686601161957,0.5970184206962585,-0.004567836876958609
1,6,0.2767166793346405,0.5054717659950256,-0.008988860063254833
1,7,0.2528333365917206,0.4511870741844177,-0.012100138701498508
1,8,0.23144656419754028,0.41139906644821167,-0.0154552748426795
1,9,0.2824372947216034,0.6221481561660767,-0.01492878794670105
1,10,0.25463536381721497,0.6042574048042297,-0.017296887934207916
1,11,0.26842206716537476,0.6366937160491943,-0.012838744558393955
1,12,0.28582829236984253,0.6593595147132874,-0.01034367922693491
1,13,0.25598010420799255,0.6662538647651672,-0.022506343200802803
1,14,0.24180206656455994,0.6520180702209473,-0.019175484776496887
1,15,0.2557533383369446,0.6761463284492493,-0.006760912016034126
1,16,0.27122119069099426,0.6976300477981567,-0.0006603957153856754
1,17,0.23554715514183044,0.7135781645774841,-0.029416030272841454
1,18,0.2246522754430771,0.6966426968574524,-0.022546911612153053
1,19,0.23936836421489716,0.712451696395874,-0.008493400178849697
1,20,0.2534199059009552,0.7288413047790527,0.002356705954298377
1,0,0.3723779320716858,0.8232113122940063,2.0004164991149764e-09
1,1,0.384331077337265,0.7368227243423462,0.013688398525118828
1,2,0.3636533319950104,0.6761752367019653,0.01310619618743658
1,3,0.33777734637260437,0.6386229395866394,0.00794973410665989
1,4,0.318347692489624,0.6203493475914001,0.0003527535009197891
1,5,0.31846457719802856,0.597709059715271,-0.004633583128452301
1,6,0.2769320011138916,0.5063658952713013,-0.009457100182771683
1,7,0.2532201111316681,0.45160025358200073,-0.013084305450320244
1,8,0.23167023062705994,0.41129767894744873,-0.01685590296983719
1,9,0.2828698456287384,0.6221217513084412,-0.014709762297570705
1,10,0.25329825282096863,0.6042699217796326,-0.017373783513903618
1,11,0.2670353949069977,0.6371360421180725,-0.01305517926812172
1,12,0.2848682403564453,0.6598344445228577,-0.010623469017446041
1,13,0.256538987159729,0.665981113910675,-0.02214711904525757
1,14,0.24043911695480347,0.6512569189071655,-0.01946995034813881
1,15,0.2540300190448761,0.6755609512329102,-0.006897974759340286
1,16,0.2698151171207428,0.696995735168457,-0.0005374877364374697
1,17,0.23604685068130493,0.7132383584976196,-0.028966573998332024
1,18,0.22339583933353424,0.6954930424690247,-0.022925518453121185
1,19,0.2378157079219818,0.7113766670227051,-0.008968153968453407
1,20,0.25211742520332336,0.7278874516487122,0.001976980362087488
1,0,0.5813013911247253,0.7995059490203857,1.42134595648713e-07
1,1,0.6115708947181702,0.7244982719421387,0.012955713085830212
1,2,0.6111801862716675,0.6508534550666809,0.011352315545082092
1,3,0.5899193286895752,0.6214997172355652,0.005198683589696884
1,4,0.5583168864250183,0.6127928495407104,-0.0037742187269032
1,5,0.6295573115348816,0.6055189967155457,-0.005330836400389671
1,6,0.6511498689651489,0.5147486329078674,-0.017188724130392075
1,7,0.6641239523887634,0.45732957124710083,-0.024037064984440804
1,8,0.6742821931838989,0.4137534499168396,-0.02875814214348793
1,9,0.5960351228713989,0.603975772857666,-0.01732078194618225
1,10,0.5631332993507385,0.5489431023597717,-0.029652103781700134
1,11,0.555733859539032,0.5842970609664917,-0.026882892474532127
1,12,0.5659416317939758,0.6107080578804016,-0.02314220741391182
1,13,0.5592581629753113,0.6167495250701904,-0.027539405971765518
1,14,0.5290161371231079,0.5748559236526489,-0.033376868814229965
1,15,0.528614342212677,0.6080277562141418,-0.0208149291574955
1,16,0.5399898290634155,0.6289615035057068,-0.011955983936786652
1,17,0.5253018736839294,0.637065052986145,-0.037166643887758255
1,18,0.5065228939056396,0.6056575775146484,-0.03743910416960716
1,19,0.5087619423866272,0.6322122812271118,-0.024284502491354942
1,20,0.5180065035820007,0.6518255472183228,-0.013191062025725842
1,0,0.5801517367362976,0.8008108735084534,1.3368915574574203e-07
1,1,0.6107633709907532,0.7260793447494507,0.012144013307988644
1,2,0.6113496422767639,0.6521317958831787,0.010342012159526348
1,3,0.5915770530700684,0.6218474507331848,0.0041183303110301495
1,4,0.5602606534957886,0.6130104660987854,-0.0048469011671841145
1,5,0.6294358968734741,0.6050638556480408,-0.005558156408369541
1,6,0.6512428522109985,0.5154428482055664,-0.017864679917693138
1,7,0.6642408967018127,0.4583674669265747,-0.024989234283566475
1,8,0.6743520498275757,0.41512054204940796,-0.029863230884075165
1,9,0.596001148223877,0.6036614775657654,-0.01744217425584793
1,10,0.5621929168701172,0.5488454103469849,-0.030616218224167824
1,11,0.5548409223556519,0.584450364112854,-0.02818925306200981
1,12,0.5653794407844543,0.6116133332252502,-0.024443818256258965
1,13,0.5591329336166382,0.6166927218437195,-0.02770278975367546
1,14,0.5283360481262207,0.575226902961731,-0.034692566841840744
1,15,0.5280335545539856,0.6087482571601868,-0.02235611341893673
1,16,0.5398679971694946,0.6299368143081665,-0.013328462839126587
1,17,0.5252941250801086,0.6374027729034424,-0.03743849694728851
1,18,0.5064396858215332,0.6065173149108887,-0.03871369734406471
1,19,0.508567750453949,0.6336504817008972,-0.02584678865969181
1,20,0.5180587768554688,0.6535893082618713,-0.014749187044799328
1,0,0.584175169467926,0.8039609789848328,1.4316047725060344e-07
1,1,0.6132708191871643,0.7262250185012817,0.013024534098803997
1,2,0.6122274398803711,0.6507816314697266,0.011370941996574402
1,3,0.5906363129615784,0.6221577525138855,0.005058054346591234
1,4,0.5589976906776428,0.6146862506866455,-0.003964363597333431
1,5,0.631924033164978,0.6040236949920654,-0.004487066529691219
1,6,0.6535641551017761,0.514570951461792,-0.0160151869058609
1,7,0.6659420728683472,0.458040714263916,-0.022659916430711746
1,8,0.6752622127532959,0.41478854417800903,-0.027417946606874466
1,9,0.5979737043380737,0.6032116413116455,-0.01698543131351471
1,10,0.5643866658210754,0.5479224920272827,-0.029392799362540245
1,11,0.5573189854621887,0.5850135684013367,-0.026774559170007706
1,12,0.5679982900619507,0.6120467185974121,-0.023045703768730164
1,13,0.5608693361282349,0.6170780062675476,-0.02775820903480053
1,14,0.530306339263916,0.5750383138656616,-0.03422374278306961
1,15,0.530036985874176,0.609353244304657,-0.02198890596628189
1,16,0.5416648983955383,0.630276620388031,-0.013147424906492233
1,17,0.5268799066543579,0.6385258436203003,-0.03790799155831337
1,18,0.5076372623443604,0.6065452694892883,-0.03890058770775795
1,19,0.5096527338027954,0.6338229179382324,-0.02590760961174965
1,20,0.5190490484237671,0.6539682149887085,-0.014774959534406662
1,0,0.5835668444633484,0.8035522103309631,1.336655657269148e-07
1,1,0.6150663495063782,0.7266056537628174,0.01286422461271286
1,2,0.6158317923545837,0.6528565883636475,0.011228346265852451
1,3,0.5959171056747437,0.6229000687599182,0.005072465166449547
1,4,0.5648236870765686,0.6135765910148621,-0.003903674893081188
1,5,0.632861852645874,0.6053675413131714,-0.005371772684156895
1,6,0.6536943912506104,0.5152789950370789,-0.017740540206432343
1,7,0.6658579111099243,0.45811763405799866,-0.024935021996498108
1,8,0.6753324866294861,0.4142876863479614,-0.029844382777810097
1,9,0.59912109375,0.6040549874305725,-0.017496883869171143
1,10,0.5648303031921387,0.5471948385238647,-0.03043626993894577
1,11,0.5573956966400146,0.5833619236946106,-0.027873216196894646
1,12,0.5679103136062622,0.6104801297187805,-0.024045683443546295
1,13,0.5619000792503357,0.6171995997428894,-0.027884630486369133
1,14,0.5304422974586487,0.5752003788948059,-0.034539926797151566
1,15,0.5299822092056274,0.6092422008514404,-0.021921448409557343
1,16,0.5417117476463318,0.630519449710846,-0.0127547737210989
1,17,0.5276491045951843,0.6380071640014648,-0.03767683729529381
1,18,0.5083362460136414,0.606123149394989,-0.038515012711286545
1,19,0.5102618932723999,0.6336151957511902,-0.025217127054929733
1,20,0.5196351408958435,0.6538177132606506,-0.013858785852789879
